RELY,DATA,CPLX,RUSE,PVOL,ACAP,PCAP,PCON,APEX,PLEX,LTEX,TOOL,SITE,SCED,AA,PR,ETT,RISK1,RISK2,RISK3,RISK4,RISK5
1,1.14,1,0.95,0.87,0.85,0.88,0.81,1,1,1,1,1,1,0.72573772,1.02703268,1.153041251,0,1,0,0,0
1,1.14,1,0.95,0.87,0.85,0.88,0.81,1,1,1,1,1,1,0.903139843,0.891786267,0.740464185,0,1,0,0,0
1.1,0.9,1.17,1.07,0.87,1,1,1.12,1,1,1,1,0.93,1,0.672589961,1.101781571,0.957756167,0,0,0,0,1
1,0.9,0.87,1.07,1,1,1,0.9,1.1,1.09,1.19,0.9,0.93,1.43,1.228709665,0.894935827,0.766711259,0,0,0,0,0
1,1,1,1.15,0.87,0.85,0.88,0.81,1.1,1.09,1,0.78,0.8,1,1.114794778,1.188765325,0.990811855,0,1,0,0,0
1,0.9,1,1,0.87,1,0.88,0.9,1,1,0.91,1,0.93,1,1.127621397,0.825961995,0.980674165,0,1,0,0,0
0.92,1,1,1,1,1,1,1,1.1,1,1.09,1.09,1,1,1.072860995,1.133064111,1.071067832,0,0,0,0,1
1.26,1.14,1.17,1.07,0.87,0.85,1,0.81,1.1,1.09,1,1.09,0.93,1,0.873161128,0.930809963,0.97903696,0,0,0,0,1
1,0.9,1,1,0.87,1,0.88,0.9,1.1,1,1.19,1,0.93,1,0.853027151,0.910785702,1.193660577,0,0,0,1,0
1.1,1.14,1,0.95,0.87,0.85,1.15,1.12,0.88,1.09,1.09,1,0.86,1,1.263057061,1.260703083,0.911908487,0,0,0,0,1
1.1,1,1,1.07,0.87,1,1,0.81,1.1,1,1.09,1,0.93,1,1.2461969,1.059394096,0.87394251,0,0,0,0,0
0.92,0.9,0.87,0.95,0.87,1,1,0.81,0.88,1,0.91,1.09,0.86,1,1.101646656,1.19814645,0.945863885,1,0,0,0,0
1,0.9,0.87,1,1,1,1.15,0.81,1.1,1,1,1,0.93,1,0.946615759,1.178771493,0.874576987,0,0,0,1,0
1,0.9,0.87,0.95,0.87,0.71,0.76,1.29,0.88,1,0.91,0.9,0.86,1,0.939543898,0.95888654,0.964365177,1,0,0,0,0
1,0.9,1,0.95,0.87,0.85,0.88,0.81,1,1,1,0.9,0.8,1,0.814976471,0.992082361,1.268193136,1,0,0,0,0
1,0.9,1,0.95,0.87,1,1,1.29,1,1,1,1,0.86,1,1.053132653,1.28076016,1.080392018,0,0,0,0,0
1,0.9,1,1,1,0.85,0.88,0.81,1,1,0.91,1,0.93,1,0.746541588,1.240299194,0.774444205,0,1,0,0,0
1,0.9,1,0.95,0.87,1,0.88,0.9,0.88,0.91,1,0.9,0.86,1,0.968625196,0.98886563,1.045047431,1,0,0,0,0
1.1,1.14,1,0.95,1,1,1.15,0.81,1.1,1.19,1.09,1,0.93,1,0.98828315,1.003675999,1.002012555,0,0,0,0,1
1,1.28,1,0.95,1.15,0.85,0.76,0.9,0.88,1.09,0.84,0.78,0.86,1,1.1257043,0.988999904,1.127947658,0,1,0,0,0
1,1.14,1,0.95,1.15,0.85,0.88,0.81,1,1,1,1,0.86,1,0.990355172,1.21066393,1.051599051,0,0,0,1,0
1,1.14,1,1.15,0.87,0.85,0.88,0.9,1.1,0.85,1.09,0.78,0.8,1,0.839002307,0.909798216,1.149408679,0,0,0,1,0
1,1.14,1.17,1,1,0.85,1,1.29,1.1,1,1,1,0.93,1,1.122464224,1.052903456,0.793195187,0,0,0,0,1
1.1,1.14,1,1,1,0.85,1,1.12,1,1,1,1,1,1,0.966019934,1.370923464,1.161359638,0,0,0,0,1
0.92,0.9,1,0.95,1,1,1,1.12,1,1,1,1,1,1,0.745351809,1.093234739,1.247316344,0,0,0,1,0
1,1.14,1,0.95,0.87,0.85,0.88,0.81,1,1,1,1,1,1,1.349459638,1.243421404,1.165262806,0,1,0,0,0
1,1.14,1,0.95,0.87,0.85,0.88,0.81,1,1,1,1,1,1,0.79758282,0.833565784,0.922048157,0,1,0,0,0
1.1,0.9,1.17,1.07,0.87,1,1,1.12,1,1,1,1,0.93,1,1.135741955,1.271307435,0.984960777,0,0,0,0,1
1,0.9,0.87,1.07,1,1,1,0.9,1.1,1.09,1.19,0.9,0.93,1.43,1.077409337,1.111326586,1.071959443,0,0,0,0,0
1,1,1,1.15,0.87,0.85,0.88,0.81,1.1,1.09,1,0.78,0.8,1,0.945738935,1.253258395,0.990644595,0,1,0,0,0
1,0.9,1,1,0.87,1,0.88,0.9,1,1,0.91,1,0.93,1,0.804670345,0.886046549,1.133773451,0,1,0,0,0
0.92,1,1,1,1,1,1,1,1.1,1,1.09,1.09,1,1,0.843064638,0.882952332,0.929334669,0,0,0,0,1
1.26,1.14,1.17,1.07,0.87,0.85,1,0.81,1.1,1.09,1,1.09,0.93,1,1.145090761,1.097475895,0.777545175,0,0,0,0,1
1,0.9,1,1,0.87,1,0.88,0.9,1.1,1,1.19,1,0.93,1,0.959954687,0.968762965,1.066937444,0,0,0,1,0
1.1,1.14,1,0.95,0.87,0.85,1.15,1.12,0.88,1.09,1.09,1,0.86,1,1.118646165,0.789682735,0.889096401,0,0,0,0,1
1.1,1,1,1.07,0.87,1,1,0.81,1.1,1,1.09,1,0.93,1,0.959169487,1.012786236,1.226012644,0,0,0,0,0
0.92,0.9,0.87,0.95,0.87,1,1,0.81,0.88,1,0.91,1.09,0.86,1,0.938821845,1.057570892,1.046299841,1,0,0,0,0
1,0.9,0.87,1,1,1,1.15,0.81,1.1,1,1,1,0.93,1,0.999409627,0.926183375,0.996123013,0,0,0,1,0
1,0.9,0.87,0.95,0.87,0.71,0.76,1.29,0.88,1,0.91,0.9,0.86,1,1.074639861,1.17866394,0.989262118,1,0,0,0,0
1,0.9,1,0.95,0.87,0.85,0.88,0.81,1,1,1,0.9,0.8,1,1.182444595,1.040218606,1.131822049,1,0,0,0,0
1,0.9,1,0.95,0.87,1,1,1.29,1,1,1,1,0.86,1,1.136136734,1.478718481,0.971616516,0,0,0,0,0
1,0.9,1,1,1,0.85,0.88,0.81,1,1,0.91,1,0.93,1,1.224030099,1.096432825,0.910606721,0,1,0,0,0
1,0.9,1,0.95,0.87,1,0.88,0.9,0.88,0.91,1,0.9,0.86,1,0.718861381,1.182013783,0.889902225,1,0,0,0,0
1.1,1.14,1,0.95,1,1,1.15,0.81,1.1,1.19,1.09,1,0.93,1,0.94035938,0.915349708,0.977124326,0,0,0,0,1
1,1.28,1,0.95,1.15,0.85,0.76,0.9,0.88,1.09,0.84,0.78,0.86,1,0.89755274,1.144284507,1.211108593,0,1,0,0,0
1,1.14,1,0.95,1.15,0.85,0.88,0.81,1,1,1,1,0.86,1,0.955667459,0.796825555,0.895509821,0,0,0,1,0
1,1.14,1,1.15,0.87,0.85,0.88,0.9,1.1,0.85,1.09,0.78,0.8,1,1.206097159,1.086559904,1.287176784,0,0,0,1,0
1,1.14,1.17,1,1,0.85,1,1.29,1.1,1,1,1,0.93,1,0.977606031,1.214088123,1.371405558,0,0,0,0,1
1.1,1.14,1,1,1,0.85,1,1.12,1,1,1,1,1,1,0.751360919,0.981621735,1.19647063,0,0,0,0,1
0.92,0.9,1,0.95,1,1,1,1.12,1,1,1,1,1,1,1.040879983,1.041847867,1.134086474,0,0,0,1,0
1,1.14,1,0.95,0.87,0.85,0.88,0.81,1,1,1,1,1,1,1.036614614,1.071742769,0.931658994,0,1,0,0,0
1,1.14,1,0.95,0.87,0.85,0.88,0.81,1,1,1,1,1,1,1.314759445,0.797473677,1.221763729,0,1,0,0,0
1.1,0.9,1.17,1.07,0.87,1,1,1.12,1,1,1,1,0.93,1,1.032574989,1.043159402,0.895058331,0,0,0,0,1
1,0.9,0.87,1.07,1,1,1,0.9,1.1,1.09,1.19,0.9,0.93,1.43,1.190683261,1.12686951,0.957331132,0,0,0,0,0
1,1,1,1.15,0.87,0.85,0.88,0.81,1.1,1.09,1,0.78,0.8,1,1.073536223,1.177316543,1.134899217,0,1,0,0,0
1,0.9,1,1,0.87,1,0.88,0.9,1,1,0.91,1,0.93,1,1.012413676,1.01614559,1.19532256,0,1,0,0,0
0.92,1,1,1,1,1,1,1,1.1,1,1.09,1.09,1,1,1.090477969,1.161016022,0.973224631,0,0,0,0,1
1.26,1.14,1.17,1.07,0.87,0.85,1,0.81,1.1,1.09,1,1.09,0.93,1,1.052388604,1.250672545,1.047010615,0,0,0,0,1
1,0.9,1,1,0.87,1,0.88,0.9,1.1,1,1.19,1,0.93,1,0.767106208,1.238040335,0.904516936,0,0,0,1,0
1.1,1.14,1,0.95,0.87,0.85,1.15,1.12,0.88,1.09,1.09,1,0.86,1,1.137794103,0.883016204,1.063399966,0,0,0,0,1
1.1,1,1,1.07,0.87,1,1,0.81,1.1,1,1.09,1,0.93,1,1.081227188,1.166010778,1.051573295,0,0,0,0,0
0.92,0.9,0.87,0.95,0.87,1,1,0.81,0.88,1,0.91,1.09,0.86,1,0.98628804,1.001346346,1.125856193,1,0,0,0,0
1,0.9,0.87,1,1,1,1.15,0.81,1.1,1,1,1,0.93,1,1.211146157,0.88829255,1.047910893,0,0,0,1,0
1,0.9,0.87,0.95,0.87,0.71,0.76,1.29,0.88,1,0.91,0.9,0.86,1,1.033926796,1.001208237,1.129730978,1,0,0,0,0
1,0.9,1,0.95,0.87,0.85,0.88,0.81,1,1,1,0.9,0.8,1,0.919977195,1.147879645,1.105421868,1,0,0,0,0
1,0.9,1,0.95,0.87,1,1,1.29,1,1,1,1,0.86,1,0.820751821,1.362559179,1.008876242,0,0,0,0,0
1,0.9,1,1,1,0.85,0.88,0.81,1,1,0.91,1,0.93,1,1.008459354,0.940351784,1.166110865,0,1,0,0,0
1,0.9,1,0.95,0.87,1,0.88,0.9,0.88,0.91,1,0.9,0.86,1,0.91238622,1.05486221,0.788918456,1,0,0,0,0
1.1,1.14,1,0.95,1,1,1.15,0.81,1.1,1.19,1.09,1,0.93,1,0.832894045,0.843277113,0.954642314,0,0,0,0,1
1,1.28,1,0.95,1.15,0.85,0.76,0.9,0.88,1.09,0.84,0.78,0.86,1,1.103399623,1.305725268,1.056276416,0,1,0,0,0
1,1.14,1,0.95,1.15,0.85,0.88,0.81,1,1,1,1,0.86,1,1.017681242,0.910614095,0.939687434,0,0,0,1,0
1,1.14,1,1.15,0.87,0.85,0.88,0.9,1.1,0.85,1.09,0.78,0.8,1,1.022071976,0.949844576,0.770893546,0,0,0,1,0
1,1.14,1.17,1,1,0.85,1,1.29,1.1,1,1,1,0.93,1,1.25445842,0.960113703,0.954324899,0,0,0,0,1
1.1,1.14,1,1,1,0.85,1,1.12,1,1,1,1,1,1,1.115780965,0.926824193,0.927817809,0,0,0,0,1
0.92,0.9,1,0.95,1,1,1,1.12,1,1,1,1,1,1,1.083775626,0.982357559,1.053597671,0,0,0,1,0
1,1.14,1,0.95,0.87,0.85,0.88,0.81,1,1,1,1,1,1,1.179053238,0.925484032,0.996625838,0,1,0,0,0
1,1.14,1,0.95,0.87,0.85,0.88,0.81,1,1,1,1,1,1,1.052403879,0.918658666,0.92900965,0,1,0,0,0
1.1,0.9,1.17,1.07,0.87,1,1,1.12,1,1,1,1,0.93,1,0.857127667,1.055524607,0.847083268,0,0,0,0,1
1,0.9,0.87,1.07,1,1,1,0.9,1.1,1.09,1.19,0.9,0.93,1.43,1.173966122,1.152709897,0.916331818,0,0,0,0,0
1,1,1,1.15,0.87,0.85,0.88,0.81,1.1,1.09,1,0.78,0.8,1,0.927519201,1.326907475,0.866894897,0,1,0,0,0
1,0.9,1,1,0.87,1,0.88,0.9,1,1,0.91,1,0.93,1,0.863419425,0.889817064,1.050223101,0,1,0,0,0
0.92,1,1,1,1,1,1,1,1.1,1,1.09,1.09,1,1,0.932418194,0.83691551,1.101186462,0,0,0,0,1
1.26,1.14,1.17,1.07,0.87,0.85,1,0.81,1.1,1.09,1,1.09,0.93,1,0.986480774,1.066068246,1.360013444,0,0,0,0,1
1,0.9,1,1,0.87,1,0.88,0.9,1.1,1,1.19,1,0.93,1,0.894414715,0.752855979,1.12697431,0,0,0,1,0
1.1,1.14,1,0.95,0.87,0.85,1.15,1.12,0.88,1.09,1.09,1,0.86,1,0.972161012,1.185480964,1.015375986,0,0,0,0,1
1.1,1,1,1.07,0.87,1,1,0.81,1.1,1,1.09,1,0.93,1,1.040739449,1.029138865,1.024129945,0,0,0,0,0
0.92,0.9,0.87,0.95,0.87,1,1,0.81,0.88,1,0.91,1.09,0.86,1,0.879827459,0.952885653,0.877075842,1,0,0,0,0
1,0.9,0.87,1,1,1,1.15,0.81,1.1,1,1,1,0.93,1,0.82812482,0.99019487,1.266418331,0,0,0,1,0
1,0.9,0.87,0.95,0.87,0.71,0.76,1.29,0.88,1,0.91,0.9,0.86,1,0.952704518,1.261448517,0.885575946,1,0,0,0,0
1,0.9,1,0.95,0.87,0.85,0.88,0.81,1,1,1,0.9,0.8,1,0.836216614,1.070207974,1.018870075,1,0,0,0,0
1,0.9,1,0.95,0.87,1,1,1.29,1,1,1,1,0.86,1,0.950382987,0.87978569,0.881761753,0,0,0,0,0
1,0.9,1,1,1,0.85,0.88,0.81,1,1,0.91,1,0.93,1,1.063118252,0.921876873,1.056657213,0,1,0,0,0
1,0.9,1,0.95,0.87,1,0.88,0.9,0.88,0.91,1,0.9,0.86,1,0.998336437,0.854302364,1.351540902,1,0,0,0,0
1.1,1.14,1,0.95,1,1,1.15,0.81,1.1,1.19,1.09,1,0.93,1,1.008953091,1.084280546,0.940272873,0,0,0,0,1
1,1.28,1,0.95,1.15,0.85,0.76,0.9,0.88,1.09,0.84,0.78,0.86,1,0.880745691,0.785897356,0.920857709,0,1,0,0,0
1,1.14,1,0.95,1.15,0.85,0.88,0.81,1,1,1,1,0.86,1,1.015607528,1.16601192,0.86431256,0,0,0,1,0
1,1.14,1,1.15,0.87,0.85,0.88,0.9,1.1,0.85,1.09,0.78,0.8,1,0.959990984,0.790779282,0.848712654,0,0,0,1,0
1,1.14,1.17,1,1,0.85,1,1.29,1.1,1,1,1,0.93,1,1.118027575,1.447617038,1.231218067,0,0,0,0,1
1.1,1.14,1,1,1,0.85,1,1.12,1,1,1,1,1,1,1.053940692,0.778397229,1.151086316,0,0,0,0,1
0.92,0.9,1,0.95,1,1,1,1.12,1,1,1,1,1,1,0.920468012,0.945160587,1.105667649,0,0,0,1,0
1,1.14,1,0.95,0.87,0.85,0.88,0.81,1,1,1,1,1,1,1.262984577,0.802626959,0.942902965,0,1,0,0,0
1,1.14,1,0.95,0.87,0.85,0.88,0.81,1,1,1,1,1,1,0.925330533,1.477516812,0.937944199,0,1,0,0,0
1.1,0.9,1.17,1.07,0.87,1,1,1.12,1,1,1,1,0.93,1,0.999002338,0.949857009,1.099638205,0,0,0,0,1
1,0.9,0.87,1.07,1,1,1,0.9,1.1,1.09,1.19,0.9,0.93,1.43,1.059377131,1.019370105,1.025767322,0,0,0,0,0
1,1,1,1.15,0.87,0.85,0.88,0.81,1.1,1.09,1,0.78,0.8,1,1.049225199,1.086537838,1.127861611,0,1,0,0,0
1,0.9,1,1,0.87,1,0.88,0.9,1,1,0.91,1,0.93,1,1.071786642,0.970170824,0.969534268,0,1,0,0,0
0.92,1,1,1,1,1,1,1,1.1,1,1.09,1.09,1,1,1.092831409,0.929769658,1.035127829,0,0,0,0,1
1.26,1.14,1.17,1.07,0.87,0.85,1,0.81,1.1,1.09,1,1.09,0.93,1,1.162756467,1.10840648,0.728354859,0,0,0,0,1
1,0.9,1,1,0.87,1,0.88,0.9,1.1,1,1.19,1,0.93,1,0.928989575,0.955489016,0.959815601,0,0,0,1,0
1.1,1.14,1,0.95,0.87,0.85,1.15,1.12,0.88,1.09,1.09,1,0.86,1,1.070512699,1.006973108,1.04644033,0,0,0,0,1
1.1,1,1,1.07,0.87,1,1,0.81,1.1,1,1.09,1,0.93,1,1.046816311,1.00911128,0.835116811,0,0,0,0,0
0.92,0.9,0.87,0.95,0.87,1,1,0.81,0.88,1,0.91,1.09,0.86,1,0.906332007,1.106938877,0.906241405,1,0,0,0,0
1,0.9,0.87,1,1,1,1.15,0.81,1.1,1,1,1,0.93,1,0.83252763,1.129950108,0.751579612,0,0,0,1,0
1,0.9,0.87,0.95,0.87,0.71,0.76,1.29,0.88,1,0.91,0.9,0.86,1,0.879585352,0.911678881,1.257085266,1,0,0,0,0
1,0.9,1,0.95,0.87,0.85,0.88,0.81,1,1,1,0.9,0.8,1,0.956268461,0.79226209,1.112010365,1,0,0,0,0
1,0.9,1,0.95,0.87,1,1,1.29,1,1,1,1,0.86,1,1.059022306,0.834867061,0.914369607,0,0,0,0,0
1,0.9,1,1,1,0.85,0.88,0.81,1,1,0.91,1,0.93,1,1.12827287,1.145543345,0.758207069,0,1,0,0,0
1,0.9,1,0.95,0.87,1,0.88,0.9,0.88,0.91,1,0.9,0.86,1,0.96727982,1.004572171,0.982975497,1,0,0,0,0
1.1,1.14,1,0.95,1,1,1.15,0.81,1.1,1.19,1.09,1,0.93,1,0.792811904,1.095469464,0.720139144,0,0,0,0,1
1,1.28,1,0.95,1.15,0.85,0.76,0.9,0.88,1.09,0.84,0.78,0.86,1,0.792614972,0.82470834,1.009712275,0,1,0,0,0
1,1.14,1,0.95,1.15,0.85,0.88,0.81,1,1,1,1,0.86,1,0.881197659,0.901961602,1.006170495,0,0,0,1,0
1,1.14,1,1.15,0.87,0.85,0.88,0.9,1.1,0.85,1.09,0.78,0.8,1,1.126336409,0.903531189,0.970216886,0,0,0,1,0
1,1.14,1.17,1,1,0.85,1,1.29,1.1,1,1,1,0.93,1,1.123306908,0.785904901,0.971821958,0,0,0,0,1
1.1,1.14,1,1,1,0.85,1,1.12,1,1,1,1,1,1,1.033548119,1.19192184,1.134568917,0,0,0,0,1
0.92,0.9,1,0.95,1,1,1,1.12,1,1,1,1,1,1,0.952051968,1.506669004,0.965174647,0,0,0,1,0
1,1.14,1,0.95,0.87,0.85,0.88,0.81,1,1,1,1,1,1,1.014428566,0.951682588,1.124881475,0,1,0,0,0
1,1.14,1,0.95,0.87,0.85,0.88,0.81,1,1,1,1,1,1,0.966023788,1.037818985,1.153901145,0,1,0,0,0
1.1,0.9,1.17,1.07,0.87,1,1,1.12,1,1,1,1,0.93,1,0.990731689,0.922577779,1.018691702,0,0,0,0,1
1,0.9,0.87,1.07,1,1,1,0.9,1.1,1.09,1.19,0.9,0.93,1.43,1.016309316,0.853500922,0.946768598,0,0,0,0,0
1,1,1,1.15,0.87,0.85,0.88,0.81,1.1,1.09,1,0.78,0.8,1,0.824769255,0.87746328,1.107478585,0,1,0,0,0
1,0.9,1,1,0.87,1,0.88,0.9,1,1,0.91,1,0.93,1,0.96575458,0.881796446,1.164734193,0,1,0,0,0
0.92,1,1,1,1,1,1,1,1.1,1,1.09,1.09,1,1,1.335823067,0.999862349,0.765532501,0,0,0,0,1
1.26,1.14,1.17,1.07,0.87,0.85,1,0.81,1.1,1.09,1,1.09,0.93,1,0.927166426,0.938598855,0.990171595,0,0,0,0,1
1,0.9,1,1,0.87,1,0.88,0.9,1.1,1,1.19,1,0.93,1,0.959090252,1.150830532,0.866409382,0,0,0,1,0
1.1,1.14,1,0.95,0.87,0.85,1.15,1.12,0.88,1.09,1.09,1,0.86,1,1.041304801,0.567462699,0.907854454,0,0,0,0,1
1.1,1,1,1.07,0.87,1,1,0.81,1.1,1,1.09,1,0.93,1,0.744593176,1.353227045,0.953747309,0,0,0,0,0
0.92,0.9,0.87,0.95,0.87,1,1,0.81,0.88,1,0.91,1.09,0.86,1,0.83644329,1.089664297,1.193736313,1,0,0,0,0
1,0.9,0.87,1,1,1,1.15,0.81,1.1,1,1,1,0.93,1,0.673852669,0.84564808,0.81324994,0,0,0,1,0
1,0.9,0.87,0.95,0.87,0.71,0.76,1.29,0.88,1,0.91,0.9,0.86,1,1.049939378,1.070920413,1.068758894,1,0,0,0,0
1,0.9,1,0.95,0.87,0.85,0.88,0.81,1,1,1,0.9,0.8,1,0.906005479,0.912235047,1.081827986,1,0,0,0,0
1,0.9,1,0.95,0.87,1,1,1.29,1,1,1,1,0.86,1,1.177912787,1.023528504,1.103000321,0,0,0,0,0
1,0.9,1,1,1,0.85,0.88,0.81,1,1,0.91,1,0.93,1,0.965983643,1.579697415,1.35781685,0,1,0,0,0
1,0.9,1,0.95,0.87,1,0.88,0.9,0.88,0.91,1,0.9,0.86,1,1.079502697,0.978193233,0.802942124,1,0,0,0,0
1.1,1.14,1,0.95,1,1,1.15,0.81,1.1,1.19,1.09,1,0.93,1,1.207833982,1.056028941,1.060050937,0,0,0,0,1
1,1.28,1,0.95,1.15,0.85,0.76,0.9,0.88,1.09,0.84,0.78,0.86,1,1.031480897,0.998345094,1.196758701,0,1,0,0,0
1,1.14,1,0.95,1.15,0.85,0.88,0.81,1,1,1,1,0.86,1,0.743216571,1.070168511,0.987855949,0,0,0,1,0
1,1.14,1,1.15,0.87,0.85,0.88,0.9,1.1,0.85,1.09,0.78,0.8,1,0.992995971,1.070344407,1.014709417,0,0,0,1,0
1,1.14,1.17,1,1,0.85,1,1.29,1.1,1,1,1,0.93,1,1.077256044,0.914665671,0.950300519,0,0,0,0,1
1.1,1.14,1,1,1,0.85,1,1.12,1,1,1,1,1,1,0.844888824,1.056106008,0.973587164,0,0,0,0,1
0.92,0.9,1,0.95,1,1,1,1.12,1,1,1,1,1,1,0.95276002,0.848024908,1.070055575,0,0,0,1,0
1,1.14,1,0.95,0.87,0.85,0.88,0.81,1,1,1,1,1,1,0.974497506,0.923012646,1.056675949,0,1,0,0,0
1,1.14,1,0.95,0.87,0.85,0.88,0.81,1,1,1,1,1,1,0.875967582,1.065243359,1.057900129,0,1,0,0,0
1.1,0.9,1.17,1.07,0.87,1,1,1.12,1,1,1,1,0.93,1,0.888058311,0.874510438,1.086727376,0,0,0,0,1
1,0.9,0.87,1.07,1,1,1,0.9,1.1,1.09,1.19,0.9,0.93,1.43,1.14131358,0.980242678,0.97893202,0,0,0,0,0
1,1,1,1.15,0.87,0.85,0.88,0.81,1.1,1.09,1,0.78,0.8,1,0.97380036,0.99790004,1.091276679,0,1,0,0,0
1,0.9,1,1,0.87,1,0.88,0.9,1,1,0.91,1,0.93,1,1.00323068,0.974269553,0.855198559,0,1,0,0,0
0.92,1,1,1,1,1,1,1,1.1,1,1.09,1.09,1,1,0.82544228,0.963123679,1.199036626,0,0,0,0,1
1.26,1.14,1.17,1.07,0.87,0.85,1,0.81,1.1,1.09,1,1.09,0.93,1,0.867270061,0.918882845,0.886024403,0,0,0,0,1
1,0.9,1,1,0.87,1,0.88,0.9,1.1,1,1.19,1,0.93,1,0.862795739,0.961140055,1.010986298,0,0,0,1,0
1.1,1.14,1,0.95,0.87,0.85,1.15,1.12,0.88,1.09,1.09,1,0.86,1,1.27265149,1.171797428,0.723996243,0,0,0,0,1
1.1,1,1,1.07,0.87,1,1,0.81,1.1,1,1.09,1,0.93,1,0.765432725,0.900550385,0.712365992,0,0,0,0,0
0.92,0.9,0.87,0.95,0.87,1,1,0.81,0.88,1,0.91,1.09,0.86,1,0.777219506,1.134168653,0.791614991,1,0,0,0,0
1,0.9,0.87,1,1,1,1.15,0.81,1.1,1,1,1,0.93,1,1.092939828,0.807885899,0.97786941,0,0,0,1,0
1,0.9,0.87,0.95,0.87,0.71,0.76,1.29,0.88,1,0.91,0.9,0.86,1,1.237262981,0.952845824,0.978331416,1,0,0,0,0
1,0.9,1,0.95,0.87,0.85,0.88,0.81,1,1,1,0.9,0.8,1,1.183532618,0.913982852,0.793435565,1,0,0,0,0
1,0.9,1,0.95,0.87,1,1,1.29,1,1,1,1,0.86,1,0.914591092,0.857227881,1.126904447,0,0,0,0,0
1,0.9,1,1,1,0.85,0.88,0.81,1,1,0.91,1,0.93,1,1.184310271,1.057101087,1.041329945,0,1,0,0,0
1,0.9,1,0.95,0.87,1,0.88,0.9,0.88,0.91,1,0.9,0.86,1,0.981003857,0.9212347,1.014065,1,0,0,0,0
1.1,1.14,1,0.95,1,1,1.15,0.81,1.1,1.19,1.09,1,0.93,1,1.206117264,0.922481741,1.198068193,0,0,0,0,1
1,1.28,1,0.95,1.15,0.85,0.76,0.9,0.88,1.09,0.84,0.78,0.86,1,1.18814211,0.858237069,0.802190899,0,1,0,0,0
1,1.14,1,0.95,1.15,0.85,0.88,0.81,1,1,1,1,0.86,1,1.250683288,0.921937241,0.743835416,0,0,0,1,0
1,1.14,1,1.15,0.87,0.85,0.88,0.9,1.1,0.85,1.09,0.78,0.8,1,1.129669697,0.803729143,1.268408429,0,0,0,1,0
1,1.14,1.17,1,1,0.85,1,1.29,1.1,1,1,1,0.93,1,0.898376679,1.303972604,0.966849789,0,0,0,0,1
1.1,1.14,1,1,1,0.85,1,1.12,1,1,1,1,1,1,1.067407766,0.919209372,0.639571684,0,0,0,0,1
0.92,0.9,1,0.95,1,1,1,1.12,1,1,1,1,1,1,0.780316548,0.916496627,1.013279394,0,0,0,1,0
1,1.14,1,0.95,0.87,0.85,0.88,0.81,1,1,1,1,1,1,1.244333448,0.923955281,0.740582869,0,1,0,0,0
1,1.14,1,0.95,0.87,0.85,0.88,0.81,1,1,1,1,1,1,0.741915349,0.818460896,1.452083908,0,1,0,0,0
1.1,0.9,1.17,1.07,0.87,1,1,1.12,1,1,1,1,0.93,1,1.151431769,0.944023508,1.188045441,0,0,0,0,1
1,0.9,0.87,1.07,1,1,1,0.9,1.1,1.09,1.19,0.9,0.93,1.43,0.680979464,1.107370278,0.983556547,0,0,0,0,0
1,1,1,1.15,0.87,0.85,0.88,0.81,1.1,1.09,1,0.78,0.8,1,0.911070025,0.715469347,0.967950632,0,1,0,0,0
1,0.9,1,1,0.87,1,0.88,0.9,1,1,0.91,1,0.93,1,1.148127514,1.056858943,0.894246801,0,1,0,0,0
0.92,1,1,1,1,1,1,1,1.1,1,1.09,1.09,1,1,1.064653592,0.798821653,0.952161288,0,0,0,0,1
1.26,1.14,1.17,1.07,0.87,0.85,1,0.81,1.1,1.09,1,1.09,0.93,1,0.985290855,1.091290218,1.097663433,0,0,0,0,1
1,0.9,1,1,0.87,1,0.88,0.9,1.1,1,1.19,1,0.93,1,0.923495119,0.703674087,1.083046056,0,0,0,1,0
1.1,1.14,1,0.95,0.87,0.85,1.15,1.12,0.88,1.09,1.09,1,0.86,1,1.32263504,1.0461739,1.069178934,0,0,0,0,1
1.1,1,1,1.07,0.87,1,1,0.81,1.1,1,1.09,1,0.93,1,0.973968821,1.023313232,1.030887289,0,0,0,0,0
0.92,0.9,0.87,0.95,0.87,1,1,0.81,0.88,1,0.91,1.09,0.86,1,1.194349327,1.044634345,1.00054002,1,0,0,0,0
1,0.9,0.87,1,1,1,1.15,0.81,1.1,1,1,1,0.93,1,0.643452863,1.058157603,0.976785674,0,0,0,1,0
1,0.9,0.87,0.95,0.87,0.71,0.76,1.29,0.88,1,0.91,0.9,0.86,1,1.283283683,0.985543354,1.093693716,1,0,0,0,0
1,0.9,1,0.95,0.87,0.85,0.88,0.81,1,1,1,0.9,0.8,1,1.128321645,1.320156824,1.062749889,1,0,0,0,0
1,0.9,1,0.95,0.87,1,1,1.29,1,1,1,1,0.86,1,1.029739072,1.071484632,1.087164143,0,0,0,0,0
1,0.9,1,1,1,0.85,0.88,0.81,1,1,0.91,1,0.93,1,0.934819999,0.697514115,0.843450368,0,1,0,0,0
1,0.9,1,0.95,0.87,1,0.88,0.9,0.88,0.91,1,0.9,0.86,1,1.368363812,1.135746717,1.060911871,1,0,0,0,0
1.1,1.14,1,0.95,1,1,1.15,0.81,1.1,1.19,1.09,1,0.93,1,0.840684386,0.951175339,0.846554127,0,0,0,0,1
1,1.28,1,0.95,1.15,0.85,0.76,0.9,0.88,1.09,0.84,0.78,0.86,1,0.819248267,0.842819663,0.919959901,0,1,0,0,0
1,1.14,1,0.95,1.15,0.85,0.88,0.81,1,1,1,1,0.86,1,0.818637597,0.867509978,0.797337874,0,0,0,1,0
1,1.14,1,1.15,0.87,0.85,0.88,0.9,1.1,0.85,1.09,0.78,0.8,1,0.959344423,1.175329918,0.790874993,0,0,0,1,0
1,1.14,1.17,1,1,0.85,1,1.29,1.1,1,1,1,0.93,1,1.142574099,0.933736781,1.13846467,0,0,0,0,1
1.1,1.14,1,1,1,0.85,1,1.12,1,1,1,1,1,1,0.8288925,0.983484016,1.01640634,0,0,0,0,1
0.92,0.9,1,0.95,1,1,1,1.12,1,1,1,1,1,1,0.975444365,1.013554851,1.270199784,0,0,0,1,0
1,1.14,1,0.95,0.87,0.85,0.88,0.81,1,1,1,1,1,1,1.003320101,0.851763733,1.003060936,0,1,0,0,0
1,1.14,1,0.95,0.87,0.85,0.88,0.81,1,1,1,1,1,1,0.953277036,1.090622852,1.005969997,0,1,0,0,0
1.1,0.9,1.17,1.07,0.87,1,1,1.12,1,1,1,1,0.93,1,1.056882381,0.991021877,0.948812443,0,0,0,0,1
1,0.9,0.87,1.07,1,1,1,0.9,1.1,1.09,1.19,0.9,0.93,1.43,1.401240941,1.186727305,0.852666753,0,0,0,0,0
1,1,1,1.15,0.87,0.85,0.88,0.81,1.1,1.09,1,0.78,0.8,1,1.229849566,0.729312417,1.090969359,0,1,0,0,0
1,0.9,1,1,0.87,1,0.88,0.9,1,1,0.91,1,0.93,1,1.098756437,1.061217535,0.943506865,0,1,0,0,0
0.92,1,1,1,1,1,1,1,1.1,1,1.09,1.09,1,1,1.037852839,0.815513346,1.098407985,0,0,0,0,1
1.26,1.14,1.17,1.07,0.87,0.85,1,0.81,1.1,1.09,1,1.09,0.93,1,0.945507045,1.007801993,1.164196613,0,0,0,0,1
1,0.9,1,1,0.87,1,0.88,0.9,1.1,1,1.19,1,0.93,1,0.870373234,0.9633336,1.079738769,0,0,0,1,0
1.1,1.14,1,0.95,0.87,0.85,1.15,1.12,0.88,1.09,1.09,1,0.86,1,1.0533084,1.16080702,0.733447088,0,0,0,0,1
1.1,1,1,1.07,0.87,1,1,0.81,1.1,1,1.09,1,0.93,1,1.007590025,0.839102793,1.114230071,0,0,0,0,0
0.92,0.9,0.87,0.95,0.87,1,1,0.81,0.88,1,0.91,1.09,0.86,1,0.783958487,0.912134812,1.070566845,1,0,0,0,0
1,0.9,0.87,1,1,1,1.15,0.81,1.1,1,1,1,0.93,1,0.878149867,0.860437623,1.100248623,0,0,0,1,0
1,0.9,0.87,0.95,0.87,0.71,0.76,1.29,0.88,1,0.91,0.9,0.86,1,0.975488892,1.261788379,1.156303432,1,0,0,0,0
1,0.9,1,0.95,0.87,0.85,0.88,0.81,1,1,1,0.9,0.8,1,1.149033685,0.70395102,0.719636437,1,0,0,0,0
1,0.9,1,0.95,0.87,1,1,1.29,1,1,1,1,0.86,1,0.985217486,0.878259587,1.128908027,0,0,0,0,0
1,0.9,1,1,1,0.85,0.88,0.81,1,1,0.91,1,0.93,1,1.089662295,0.984787109,1.093193662,0,1,0,0,0
1,0.9,1,0.95,0.87,1,0.88,0.9,0.88,0.91,1,0.9,0.86,1,0.806617535,1.179160942,1.104521846,1,0,0,0,0
1.1,1.14,1,0.95,1,1,1.15,0.81,1.1,1.19,1.09,1,0.93,1,0.84195978,1.032801836,0.984119596,0,0,0,0,1
1,1.28,1,0.95,1.15,0.85,0.76,0.9,0.88,1.09,0.84,0.78,0.86,1,0.720861502,1.045489931,0.973415881,0,1,0,0,0
1,1.14,1,0.95,1.15,0.85,0.88,0.81,1,1,1,1,0.86,1,0.985469874,1.040995894,0.978916284,0,0,0,1,0
1,1.14,1,1.15,0.87,0.85,0.88,0.9,1.1,0.85,1.09,0.78,0.8,1,1.285928635,0.987930085,1.157968768,0,0,0,1,0
1,1.14,1.17,1,1,0.85,1,1.29,1.1,1,1,1,0.93,1,0.848124041,0.834245336,1.021169353,0,0,0,0,1
1.1,1.14,1,1,1,0.85,1,1.12,1,1,1,1,1,1,0.996265466,1.023594849,0.700649141,0,0,0,0,1
0.92,0.9,1,0.95,1,1,1,1.12,1,1,1,1,1,1,0.793349626,0.893816159,0.954566268,0,0,0,1,0
1,1.14,1,0.95,0.87,0.85,0.88,0.81,1,1,1,1,1,1,1.148658043,0.698503445,1.091957733,0,1,0,0,0
1,1.14,1,0.95,0.87,0.85,0.88,0.81,1,1,1,1,1,1,0.815264551,0.978977936,1.038606308,0,1,0,0,0
1.1,0.9,1.17,1.07,0.87,1,1,1.12,1,1,1,1,0.93,1,0.916344465,1.074516474,0.901817302,0,0,0,0,1
1,0.9,0.87,1.07,1,1,1,0.9,1.1,1.09,1.19,0.9,0.93,1.43,0.828001118,1.251185221,0.992015168,0,0,0,0,0
1,1,1,1.15,0.87,0.85,0.88,0.81,1.1,1.09,1,0.78,0.8,1,1.089096851,0.91022589,0.980400396,0,1,0,0,0
1,0.9,1,1,0.87,1,0.88,0.9,1,1,0.91,1,0.93,1,0.751771172,1.291810994,1.028523716,0,1,0,0,0
0.92,1,1,1,1,1,1,1,1.1,1,1.09,1.09,1,1,0.86478576,0.733320054,0.75020759,0,0,0,0,1
1.26,1.14,1.17,1.07,0.87,0.85,1,0.81,1.1,1.09,1,1.09,0.93,1,0.695967888,0.835161091,1.137993864,0,0,0,0,1
1,0.9,1,1,0.87,1,0.88,0.9,1.1,1,1.19,1,0.93,1,1.415019737,0.795943428,0.887559574,0,0,0,1,0
1.1,1.14,1,0.95,0.87,0.85,1.15,1.12,0.88,1.09,1.09,1,0.86,1,1.314049838,0.947425478,1.196559278,0,0,0,0,1
1.1,1,1,1.07,0.87,1,1,0.81,1.1,1,1.09,1,0.93,1,1.055338844,1.059741471,0.914875714,0,0,0,0,0
0.92,0.9,0.87,0.95,0.87,1,1,0.81,0.88,1,0.91,1.09,0.86,1,0.895405734,0.804614032,0.604201624,1,0,0,0,0
1,0.9,0.87,1,1,1,1.15,0.81,1.1,1,1,1,0.93,1,0.785235038,0.990225368,0.955943545,0,0,0,1,0
1,0.9,0.87,0.95,0.87,0.71,0.76,1.29,0.88,1,0.91,0.9,0.86,1,1.018536507,1.248441539,0.998654208,1,0,0,0,0
1,0.9,1,0.95,0.87,0.85,0.88,0.81,1,1,1,0.9,0.8,1,0.881421718,0.950058623,0.964666707,1,0,0,0,0
1,0.9,1,0.95,0.87,1,1,1.29,1,1,1,1,0.86,1,0.942694955,0.902169275,0.767478088,0,0,0,0,0
1,0.9,1,1,1,0.85,0.88,0.81,1,1,0.91,1,0.93,1,0.917589909,0.776703398,1.006401074,0,1,0,0,0
1,0.9,1,0.95,0.87,1,0.88,0.9,0.88,0.91,1,0.9,0.86,1,1.170133422,1.381937239,0.824536745,1,0,0,0,0
1.1,1.14,1,0.95,1,1,1.15,0.81,1.1,1.19,1.09,1,0.93,1,0.976841394,1.17880427,0.976806247,0,0,0,0,1
1,1.28,1,0.95,1.15,0.85,0.76,0.9,0.88,1.09,0.84,0.78,0.86,1,1.160479358,1.232000882,0.690423431,0,1,0,0,0
1,1.14,1,0.95,1.15,0.85,0.88,0.81,1,1,1,1,0.86,1,1.082646492,1.26515125,1.138486706,0,0,0,1,0
1,1.14,1,1.15,0.87,0.85,0.88,0.9,1.1,0.85,1.09,0.78,0.8,1,0.874922669,1.000182487,1.072210941,0,0,0,1,0
1,1.14,1.17,1,1,0.85,1,1.29,1.1,1,1,1,0.93,1,1.063631878,0.860675873,1.08083063,0,0,0,0,1
1.1,1.14,1,1,1,0.85,1,1.12,1,1,1,1,1,1,0.893222557,0.911955619,1.153200213,0,0,0,0,1
0.92,0.9,1,0.95,1,1,1,1.12,1,1,1,1,1,1,1.110692368,0.984513499,1.121915359,0,0,0,1,0
1,1.14,1,0.95,0.87,0.85,0.88,0.81,1,1,1,1,1,1,1.353786671,1.1476856,1.086676562,0,1,0,0,0
1,1.14,1,0.95,0.87,0.85,0.88,0.81,1,1,1,1,1,1,0.886910965,1.07151515,1.166185262,0,1,0,0,0
1.1,0.9,1.17,1.07,0.87,1,1,1.12,1,1,1,1,0.93,1,0.850527914,0.798881813,1.220769677,0,0,0,0,1
1,0.9,0.87,1.07,1,1,1,0.9,1.1,1.09,1.19,0.9,0.93,1.43,1.024104552,0.978330161,1.105965761,0,0,0,0,0
1,1,1,1.15,0.87,0.85,0.88,0.81,1.1,1.09,1,0.78,0.8,1,0.963516794,1.024021601,1.05427632,0,1,0,0,0
1,0.9,1,1,0.87,1,0.88,0.9,1,1,0.91,1,0.93,1,0.889516061,0.981877016,0.705356425,0,1,0,0,0
0.92,1,1,1,1,1,1,1,1.1,1,1.09,1.09,1,1,0.932599755,0.933281695,1.029017649,0,0,0,0,1
1.26,1.14,1.17,1.07,0.87,0.85,1,0.81,1.1,1.09,1,1.09,0.93,1,0.936326302,0.811085129,0.684034655,0,0,0,0,1
1,0.9,1,1,0.87,1,0.88,0.9,1.1,1,1.19,1,0.93,1,0.954751439,1.213092246,1.132561932,0,0,0,1,0
1.1,1.14,1,0.95,0.87,0.85,1.15,1.12,0.88,1.09,1.09,1,0.86,1,0.991170736,1.052366836,1.232010412,0,0,0,0,1
1.1,1,1,1.07,0.87,1,1,0.81,1.1,1,1.09,1,0.93,1,1.114033843,1.13407015,1.029482582,0,0,0,0,0
0.92,0.9,0.87,0.95,0.87,1,1,0.81,0.88,1,0.91,1.09,0.86,1,1.152153578,1.080766488,0.93037984,1,0,0,0,0
1,0.9,0.87,1,1,1,1.15,0.81,1.1,1,1,1,0.93,1,0.737682483,1.132366069,0.853637922,0,0,0,1,0
1,0.9,0.87,0.95,0.87,0.71,0.76,1.29,0.88,1,0.91,0.9,0.86,1,1.022036157,0.867994487,1.085697048,1,0,0,0,0
1,0.9,1,0.95,0.87,0.85,0.88,0.81,1,1,1,0.9,0.8,1,1.062293991,0.89105802,1.052475278,1,0,0,0,0
1,0.9,1,0.95,0.87,1,1,1.29,1,1,1,1,0.86,1,1.081593885,0.859478214,1.133308024,0,0,0,0,0
1,0.9,1,1,1,0.85,0.88,0.81,1,1,0.91,1,0.93,1,0.954330076,1.066851593,0.921287119,0,1,0,0,0
1,0.9,1,0.95,0.87,1,0.88,0.9,0.88,0.91,1,0.9,0.86,1,1.110912193,0.944942159,0.961146246,1,0,0,0,0
1.1,1.14,1,0.95,1,1,1.15,0.81,1.1,1.19,1.09,1,0.93,1,1.04518038,0.996783698,1.005789872,0,0,0,0,1
1,1.28,1,0.95,1.15,0.85,0.76,0.9,0.88,1.09,0.84,0.78,0.86,1,0.782283997,1.123631003,1.176059141,0,1,0,0,0
1,1.14,1,0.95,1.15,0.85,0.88,0.81,1,1,1,1,0.86,1,1.260435031,0.814851819,1.142477051,0,0,0,1,0
1,1.14,1,1.15,0.87,0.85,0.88,0.9,1.1,0.85,1.09,0.78,0.8,1,1.158995458,0.941479933,0.923123627,0,0,0,1,0
1,1.14,1.17,1,1,0.85,1,1.29,1.1,1,1,1,0.93,1,1.081479417,0.871284977,1.279911455,0,0,0,0,1
1.1,1.14,1,1,1,0.85,1,1.12,1,1,1,1,1,1,1.14078572,1.091259881,1.180426685,0,0,0,0,1
0.92,0.9,1,0.95,1,1,1,1.12,1,1,1,1,1,1,1.125539622,1.073898705,0.846999627,0,0,0,1,0
1,1.14,1,0.95,0.87,0.85,0.88,0.81,1,1,1,1,1,1,1.02487273,0.710229181,1.070739497,0,1,0,0,0
1,1.14,1,0.95,0.87,0.85,0.88,0.81,1,1,1,1,1,1,1.32011851,1.035950759,0.847841448,0,1,0,0,0
1.1,0.9,1.17,1.07,0.87,1,1,1.12,1,1,1,1,0.93,1,0.971466843,0.960706076,0.84595049,0,0,0,0,1
1,0.9,0.87,1.07,1,1,1,0.9,1.1,1.09,1.19,0.9,0.93,1.43,0.914969051,0.99499161,0.990538754,0,0,0,0,0
1,1,1,1.15,0.87,0.85,0.88,0.81,1.1,1.09,1,0.78,0.8,1,0.939938701,1.043106092,0.940480394,0,1,0,0,0
1,0.9,1,1,0.87,1,0.88,0.9,1,1,0.91,1,0.93,1,1.092908809,1.123826392,0.92234873,0,1,0,0,0
0.92,1,1,1,1,1,1,1,1.1,1,1.09,1.09,1,1,1.183119827,1.030486264,0.977395315,0,0,0,0,1
1.26,1.14,1.17,1.07,0.87,0.85,1,0.81,1.1,1.09,1,1.09,0.93,1,1.070257767,0.948601647,1.119839887,0,0,0,0,1
1,0.9,1,1,0.87,1,0.88,0.9,1.1,1,1.19,1,0.93,1,0.751976711,1.074535741,0.988080668,0,0,0,1,0
1.1,1.14,1,0.95,0.87,0.85,1.15,1.12,0.88,1.09,1.09,1,0.86,1,1.242973029,1.0982189,1.086131075,0,0,0,0,1
1.1,1,1,1.07,0.87,1,1,0.81,1.1,1,1.09,1,0.93,1,0.939809831,0.94077906,0.767566787,0,0,0,0,0
0.92,0.9,0.87,0.95,0.87,1,1,0.81,0.88,1,0.91,1.09,0.86,1,1.212572049,1.146944321,1.047727785,1,0,0,0,0
1,0.9,0.87,1,1,1,1.15,0.81,1.1,1,1,1,0.93,1,1.019965915,1.060801913,1.183101028,0,0,0,1,0
1,0.9,0.87,0.95,0.87,0.71,0.76,1.29,0.88,1,0.91,0.9,0.86,1,1.085348981,1.081442877,0.831884872,1,0,0,0,0
1,0.9,1,0.95,0.87,0.85,0.88,0.81,1,1,1,0.9,0.8,1,1.09665624,0.709043007,0.975952438,1,0,0,0,0
1,0.9,1,0.95,0.87,1,1,1.29,1,1,1,1,0.86,1,1.057807789,1.088924345,1.160940817,0,0,0,0,0
1,0.9,1,1,1,0.85,0.88,0.81,1,1,0.91,1,0.93,1,0.568672461,1.142078841,0.899283279,0,1,0,0,0
1,0.9,1,0.95,0.87,1,0.88,0.9,0.88,0.91,1,0.9,0.86,1,1.333554071,0.916995888,1.095544324,1,0,0,0,0
1.1,1.14,1,0.95,1,1,1.15,0.81,1.1,1.19,1.09,1,0.93,1,0.947705982,1.086681495,0.981163808,0,0,0,0,1
1,1.28,1,0.95,1.15,0.85,0.76,0.9,0.88,1.09,0.84,0.78,0.86,1,0.827652731,0.912334028,1.033765306,0,1,0,0,0
1,1.14,1,0.95,1.15,0.85,0.88,0.81,1,1,1,1,0.86,1,1.439433255,0.927821677,1.006837539,0,0,0,1,0
1,1.14,1,1.15,0.87,0.85,0.88,0.9,1.1,0.85,1.09,0.78,0.8,1,0.734126461,0.791468563,0.94317057,0,0,0,1,0
1,1.14,1.17,1,1,0.85,1,1.29,1.1,1,1,1,0.93,1,1.038666199,1.001153933,1.049494349,0,0,0,0,1
1.1,1.14,1,1,1,0.85,1,1.12,1,1,1,1,1,1,0.86578665,1.253598791,0.943627546,0,0,0,0,1
0.92,0.9,1,0.95,1,1,1,1.12,1,1,1,1,1,1,1.061260444,0.830906306,0.870656466,0,0,0,1,0
1,1.14,1,0.95,0.87,0.85,0.88,0.81,1,1,1,1,1,1,1.042670431,1.335432918,1.088635879,0,1,0,0,0
1,1.14,1,0.95,0.87,0.85,0.88,0.81,1,1,1,1,1,1,0.79788329,1.279732866,1.114077933,0,1,0,0,0
1.1,0.9,1.17,1.07,0.87,1,1,1.12,1,1,1,1,0.93,1,0.963017055,0.962756901,1.118167484,0,0,0,0,1
1,0.9,0.87,1.07,1,1,1,0.9,1.1,1.09,1.19,0.9,0.93,1.43,1.092242672,0.947387467,0.788455987,0,0,0,0,0
1,1,1,1.15,0.87,0.85,0.88,0.81,1.1,1.09,1,0.78,0.8,1,0.86340384,1.083812859,1.078059708,0,1,0,0,0
1,0.9,1,1,0.87,1,0.88,0.9,1,1,0.91,1,0.93,1,1.060456461,0.899138377,0.991900766,0,1,0,0,0
0.92,1,1,1,1,1,1,1,1.1,1,1.09,1.09,1,1,0.833354137,0.792745463,0.823233199,0,0,0,0,1
1.26,1.14,1.17,1.07,0.87,0.85,1,0.81,1.1,1.09,1,1.09,0.93,1,1.078872745,1.093488066,1.007756516,0,0,0,0,1
1,0.9,1,1,0.87,1,0.88,0.9,1.1,1,1.19,1,0.93,1,1.32626917,1.127514896,0.754530672,0,0,0,1,0
1.1,1.14,1,0.95,0.87,0.85,1.15,1.12,0.88,1.09,1.09,1,0.86,1,1.245038227,0.943239891,0.969331592,0,0,0,0,1
1.1,1,1,1.07,0.87,1,1,0.81,1.1,1,1.09,1,0.93,1,1.136617898,1.327043981,0.924114393,0,0,0,0,0
0.92,0.9,0.87,0.95,0.87,1,1,0.81,0.88,1,0.91,1.09,0.86,1,0.960293345,0.910845353,0.956105579,1,0,0,0,0
1,0.9,0.87,1,1,1,1.15,0.81,1.1,1,1,1,0.93,1,1.061891056,0.985438095,1.223155736,0,0,0,1,0
1,0.9,0.87,0.95,0.87,0.71,0.76,1.29,0.88,1,0.91,0.9,0.86,1,1.197913345,1.0668317,0.93565386,1,0,0,0,0
1,0.9,1,0.95,0.87,0.85,0.88,0.81,1,1,1,0.9,0.8,1,0.89993964,1.193441666,0.922326818,1,0,0,0,0
1,0.9,1,0.95,0.87,1,1,1.29,1,1,1,1,0.86,1,1.083640136,1.111531732,0.8143537,0,0,0,0,0
1,0.9,1,1,1,0.85,0.88,0.81,1,1,0.91,1,0.93,1,1.002943135,1.166141714,0.959435939,0,1,0,0,0
1,0.9,1,0.95,0.87,1,0.88,0.9,0.88,0.91,1,0.9,0.86,1,0.740798907,0.741029986,0.943092444,1,0,0,0,0
1.1,1.14,1,0.95,1,1,1.15,0.81,1.1,1.19,1.09,1,0.93,1,0.827592388,0.963410014,0.952161319,0,0,0,0,1
1,1.28,1,0.95,1.15,0.85,0.76,0.9,0.88,1.09,0.84,0.78,0.86,1,1.025312852,1.004288556,0.907021049,0,1,0,0,0
1,1.14,1,0.95,1.15,0.85,0.88,0.81,1,1,1,1,0.86,1,1.228286365,1.241477362,1.109375079,0,0,0,1,0
1,1.14,1,1.15,0.87,0.85,0.88,0.9,1.1,0.85,1.09,0.78,0.8,1,0.7996716,1.079221246,0.858848169,0,0,0,1,0
1,1.14,1.17,1,1,0.85,1,1.29,1.1,1,1,1,0.93,1,0.825717125,0.808182602,1.110141737,0,0,0,0,1
1.1,1.14,1,1,1,0.85,1,1.12,1,1,1,1,1,1,0.915279992,1.218872379,1.069340241,0,0,0,0,1
0.92,0.9,1,0.95,1,1,1,1.12,1,1,1,1,1,1,0.795467249,1.175172518,1.051461835,0,0,0,1,0
1,1.14,1,0.95,0.87,0.85,0.88,0.81,1,1,1,1,1,1,0.912156787,1.008236897,0.995778645,0,1,0,0,0
1,1.14,1,0.95,0.87,0.85,0.88,0.81,1,1,1,1,1,1,1.263130086,0.959143329,1.172117711,0,1,0,0,0
1.1,0.9,1.17,1.07,0.87,1,1,1.12,1,1,1,1,0.93,1,1.241344459,0.910751679,1.118777948,0,0,0,0,1
1,0.9,0.87,1.07,1,1,1,0.9,1.1,1.09,1.19,0.9,0.93,1.43,0.921797692,1.17838312,1.182099126,0,0,0,0,0
1,1,1,1.15,0.87,0.85,0.88,0.81,1.1,1.09,1,0.78,0.8,1,1.231990094,0.813489503,1.020590815,0,1,0,0,0
1,0.9,1,1,0.87,1,0.88,0.9,1,1,0.91,1,0.93,1,0.854788703,0.91216572,0.970090257,0,1,0,0,0
0.92,1,1,1,1,1,1,1,1.1,1,1.09,1.09,1,1,1.14911528,0.860045343,0.80500937,0,0,0,0,1
1.26,1.14,1.17,1.07,0.87,0.85,1,0.81,1.1,1.09,1,1.09,0.93,1,1.123832734,1.003855796,1.036059016,0,0,0,0,1
1,0.9,1,1,0.87,1,0.88,0.9,1.1,1,1.19,1,0.93,1,1.068791524,1.184647901,0.904449375,0,0,0,1,0
1.1,1.14,1,0.95,0.87,0.85,1.15,1.12,0.88,1.09,1.09,1,0.86,1,1.175133052,0.802347572,0.90736314,0,0,0,0,1
1.1,1,1,1.07,0.87,1,1,0.81,1.1,1,1.09,1,0.93,1,1.309900631,1.052926708,0.987689581,0,0,0,0,0
0.92,0.9,0.87,0.95,0.87,1,1,0.81,0.88,1,0.91,1.09,0.86,1,0.936496472,0.982631398,1.1894961,1,0,0,0,0
1,0.9,0.87,1,1,1,1.15,0.81,1.1,1,1,1,0.93,1,1.031344963,0.966915728,1.125750918,0,0,0,1,0
1,0.9,0.87,0.95,0.87,0.71,0.76,1.29,0.88,1,0.91,0.9,0.86,1,0.881161138,0.81687997,0.978627768,1,0,0,0,0
1,0.9,1,0.95,0.87,0.85,0.88,0.81,1,1,1,0.9,0.8,1,1.077151413,1.010824451,0.845859199,1,0,0,0,0
1,0.9,1,0.95,0.87,1,1,1.29,1,1,1,1,0.86,1,1.073778762,0.993593317,1.097375169,0,0,0,0,0
1,0.9,1,1,1,0.85,0.88,0.81,1,1,0.91,1,0.93,1,1.318440676,0.78134874,0.878109494,0,1,0,0,0
1,0.9,1,0.95,0.87,1,0.88,0.9,0.88,0.91,1,0.9,0.86,1,1.201314088,1.103865354,0.884021704,1,0,0,0,0
1.1,1.14,1,0.95,1,1,1.15,0.81,1.1,1.19,1.09,1,0.93,1,1.074108071,0.730171587,1.312038394,0,0,0,0,1
1,1.28,1,0.95,1.15,0.85,0.76,0.9,0.88,1.09,0.84,0.78,0.86,1,0.93694863,0.90259587,0.9649483,0,1,0,0,0
1,1.14,1,0.95,1.15,0.85,0.88,0.81,1,1,1,1,0.86,1,1.291256177,0.706824086,0.921308816,0,0,0,1,0
1,1.14,1,1.15,0.87,0.85,0.88,0.9,1.1,0.85,1.09,0.78,0.8,1,1.112087875,1.099468571,0.931049771,0,0,0,1,0
1,1.14,1.17,1,1,0.85,1,1.29,1.1,1,1,1,0.93,1,0.84806898,0.994557865,1.152994983,0,0,0,0,1
1.1,1.14,1,1,1,0.85,1,1.12,1,1,1,1,1,1,1.055400699,0.700430201,1.245787098,0,0,0,0,1
0.92,0.9,1,0.95,1,1,1,1.12,1,1,1,1,1,1,1.081806783,1.165746899,0.979152166,0,0,0,1,0
1,1.14,1,0.95,0.87,0.85,0.88,0.81,1,1,1,1,1,1,1.123160412,0.946335692,1.048201193,0,1,0,0,0
1,1.14,1,0.95,0.87,0.85,0.88,0.81,1,1,1,1,1,1,1.053725056,1.016151523,0.934803157,0,1,0,0,0
1.1,0.9,1.17,1.07,0.87,1,1,1.12,1,1,1,1,0.93,1,0.878997261,0.90925693,1.121913714,0,0,0,0,1
1,0.9,0.87,1.07,1,1,1,0.9,1.1,1.09,1.19,0.9,0.93,1.43,1.091709043,0.951791941,1.156009494,0,0,0,0,0
1,1,1,1.15,0.87,0.85,0.88,0.81,1.1,1.09,1,0.78,0.8,1,1.12176248,1.128529604,1.056994892,0,1,0,0,0
1,0.9,1,1,0.87,1,0.88,0.9,1,1,0.91,1,0.93,1,0.843919022,1.259153302,1.239683418,0,1,0,0,0
0.92,1,1,1,1,1,1,1,1.1,1,1.09,1.09,1,1,1.122481477,1.231341983,1.018873483,0,0,0,0,1
1.26,1.14,1.17,1.07,0.87,0.85,1,0.81,1.1,1.09,1,1.09,0.93,1,1.553588899,0.825022603,1.129233751,0,0,0,0,1
1,0.9,1,1,0.87,1,0.88,0.9,1.1,1,1.19,1,0.93,1,0.938381643,0.97962971,0.911532921,0,0,0,1,0
1.1,1.14,1,0.95,0.87,0.85,1.15,1.12,0.88,1.09,1.09,1,0.86,1,1.163145207,1.088400727,1.043587938,0,0,0,0,1
1.1,1,1,1.07,0.87,1,1,0.81,1.1,1,1.09,1,0.93,1,0.97035242,1.020232353,0.932628291,0,0,0,0,0
0.92,0.9,0.87,0.95,0.87,1,1,0.81,0.88,1,0.91,1.09,0.86,1,1.041292754,1.089835577,1.155027515,1,0,0,0,0
1,0.9,0.87,1,1,1,1.15,0.81,1.1,1,1,1,0.93,1,1.098395458,1.082950754,0.736772012,0,0,0,1,0
1,0.9,0.87,0.95,0.87,0.71,0.76,1.29,0.88,1,0.91,0.9,0.86,1,0.97259036,0.992358469,0.717272082,1,0,0,0,0
1,0.9,1,0.95,0.87,0.85,0.88,0.81,1,1,1,0.9,0.8,1,0.90550719,1.026444541,1.020575506,1,0,0,0,0
1,0.9,1,0.95,0.87,1,1,1.29,1,1,1,1,0.86,1,0.772132951,1.062175614,1.11201899,0,0,0,0,0
1,0.9,1,1,1,0.85,0.88,0.81,1,1,0.91,1,0.93,1,0.853826614,1.286676208,1.129702601,0,1,0,0,0
1,0.9,1,0.95,0.87,1,0.88,0.9,0.88,0.91,1,0.9,0.86,1,1.20855276,1.132301953,1.023121217,1,0,0,0,0
1.1,1.14,1,0.95,1,1,1.15,0.81,1.1,1.19,1.09,1,0.93,1,0.728106416,0.910677428,1.141580948,0,0,0,0,1
1,1.28,1,0.95,1.15,0.85,0.76,0.9,0.88,1.09,0.84,0.78,0.86,1,1.11576317,1.074279495,1.054821358,0,1,0,0,0
1,1.14,1,0.95,1.15,0.85,0.88,0.81,1,1,1,1,0.86,1,1.076282451,0.774319087,1.076576972,0,0,0,1,0
1,1.14,1,1.15,0.87,0.85,0.88,0.9,1.1,0.85,1.09,0.78,0.8,1,0.947717008,1.078474848,1.260149022,0,0,0,1,0
1,1.14,1.17,1,1,0.85,1,1.29,1.1,1,1,1,0.93,1,1.002221341,0.982719747,1.356599105,0,0,0,0,1
1.1,1.14,1,1,1,0.85,1,1.12,1,1,1,1,1,1,1.065638061,0.884783756,0.862908384,0,0,0,0,1
0.92,0.9,1,0.95,1,1,1,1.12,1,1,1,1,1,1,0.823404646,0.831291879,1.32582514,0,0,0,0,0
1,1.14,1,0.95,0.87,0.85,0.88,0.81,1,1,1,1,1,1,1.058460073,1.106994906,0.852050304,0,1,0,1,0
1,1.14,1,0.95,0.87,0.85,0.88,0.81,1,1,1,1,1,1,0.883433772,0.899130032,1.080998603,0,1,0,0,0
1.1,0.9,1.17,1.07,0.87,1,1,1.12,1,1,1,1,0.93,1,0.85556192,1.254574721,0.93875112,0,0,0,0,1
1,0.9,0.87,1.07,1,1,1,0.9,1.1,1.09,1.19,0.9,0.93,1.43,0.930814056,1.218823443,0.76376546,0,0,0,0,0
1,1,1,1.15,0.87,0.85,0.88,0.81,1.1,1.09,1,0.78,0.8,1,0.794538759,1.028191048,1.043747166,0,1,0,0,0
1,0.9,1,1,0.87,1,0.88,0.9,1,1,0.91,1,0.93,1,1.178550384,0.914845907,1.049451945,0,1,0,1,0
0.92,1,1,1,1,1,1,1,1.1,1,1.09,1.09,1,1,0.9419558,0.845531256,1.141951272,0,0,0,0,1
1.26,1.14,1.17,1.07,0.87,0.85,1,0.81,1.1,1.09,1,1.09,0.93,1,1.144625871,0.935391514,1.079828131,0,0,0,1,1
1,0.9,1,1,0.87,1,0.88,0.9,1.1,1,1.19,1,0.93,1,0.917293961,0.917559005,1.092295249,0,0,0,0,0
1.1,1.14,1,0.95,0.87,0.85,1.15,1.12,0.88,1.09,1.09,1,0.86,1,1.005664254,0.686183073,0.966107797,0,0,0,0,1
1.1,1,1,1.07,0.87,1,1,0.81,1.1,1,1.09,1,0.93,1,0.636924238,0.762397653,0.864510816,0,0,0,0,0
0.92,0.9,0.87,0.95,0.87,1,1,0.81,0.88,1,0.91,1.09,0.86,1,0.754031561,0.961297331,0.882852823,1,0,0,0,0
1,0.9,0.87,1,1,1,1.15,0.81,1.1,1,1,1,0.93,1,0.828045663,0.931508611,1.088996309,0,0,0,0,0
1,0.9,0.87,0.95,0.87,0.71,0.76,1.29,0.88,1,0.91,0.9,0.86,1,0.887417053,1.100560685,0.728100534,1,0,0,0,0
1,0.9,1,0.95,0.87,0.85,0.88,0.81,1,1,1,0.9,0.8,1,1.004884618,0.886569613,1.118359872,1,0,0,0,0
1,0.9,1,0.95,0.87,1,1,1.29,1,1,1,1,0.86,1,0.852454788,0.975615171,1.142076556,0,0,0,0,0
1,0.9,1,1,1,0.85,0.88,0.81,1,1,0.91,1,0.93,1,1.338047364,0.878528717,0.855227159,0,1,0,0,0
1,0.9,1,0.95,0.87,1,0.88,0.9,0.88,0.91,1,0.9,0.86,1,1.064709389,0.999608773,0.819700751,1,0,0,0,0
1.1,1.14,1,0.95,1,1,1.15,0.81,1.1,1.19,1.09,1,0.93,1,0.885576689,0.900185932,1.066787625,0,0,0,0,1
1,1.28,1,0.95,1.15,0.85,0.76,0.9,0.88,1.09,0.84,0.78,0.86,1,1.034390183,0.926905924,1.317210419,0,1,0,0,0
1,1.14,1,0.95,1.15,0.85,0.88,0.81,1,1,1,1,0.86,1,0.986900545,1.081054041,1.001756635,0,0,0,0,0
1,1.14,1,1.15,0.87,0.85,0.88,0.9,1.1,0.85,1.09,0.78,0.8,1,1.014273637,1.233897081,0.994089973,0,0,0,0,0
1,1.14,1.17,1,1,0.85,1,1.29,1.1,1,1,1,0.93,1,1.16039426,1.035911377,0.927486143,0,0,0,0,1
1.1,1.14,1,1,1,0.85,1,1.12,1,1,1,1,1,1,1.162726192,0.956371023,1.024224906,0,0,0,0,1
0.92,0.9,1,0.95,1,1,1,1.12,1,1,1,1,1,1,1.113152805,1.007998778,1.159323981,0,0,0,0,0
1,1.14,1,0.95,0.87,0.85,0.88,0.81,1,1,1,1,1,1,1.305780812,1.03147535,0.889086935,0,1,0,0,0
1,1.14,1,0.95,0.87,0.85,0.88,0.81,1,1,1,1,1,1,0.792043866,1.087709495,0.961918892,0,1,0,0,0
1.1,0.9,1.17,1.07,0.87,1,1,1.12,1,1,1,1,0.93,1,0.997264921,1.046601734,0.935986171,0,0,0,0,1
1,0.9,0.87,1.07,1,1,1,0.9,1.1,1.09,1.19,0.9,0.93,1.43,1.086411088,1.184737827,0.701878678,0,0,0,1,0
1,1,1,1.15,0.87,0.85,0.88,0.81,1.1,1.09,1,0.78,0.8,1,1.189118264,0.763400629,1.002088519,0,1,0,0,0
1,0.9,1,1,0.87,1,0.88,0.9,1,1,0.91,1,0.93,1,1.063259352,0.922693715,1.178642034,0,1,0,0,0
0.92,1,1,1,1,1,1,1,1.1,1,1.09,1.09,1,1,0.746116581,0.9086584,0.99014396,0,0,0,0,1
1.26,1.14,1.17,1.07,0.87,0.85,1,0.81,1.1,1.09,1,1.09,0.93,1,1.075519555,1.027550614,0.88410748,0,0,0,0,1
1,0.9,1,1,0.87,1,0.88,0.9,1.1,1,1.19,1,0.93,1,1.093144732,1.270050464,0.995608192,0,0,0,0,0
1.1,1.14,1,0.95,0.87,0.85,1.15,1.12,0.88,1.09,1.09,1,0.86,1,1.119991437,1.182431437,1.035793131,0,0,0,0,1
1.1,1,1,1.07,0.87,1,1,0.81,1.1,1,1.09,1,0.93,1,0.881162994,1.140193239,0.783917976,0,0,0,0,0
0.92,0.9,0.87,0.95,0.87,1,1,0.81,0.88,1,0.91,1.09,0.86,1,0.929112823,1.279371282,0.766864789,1,0,0,1,0
1,0.9,0.87,1,1,1,1.15,0.81,1.1,1,1,1,0.93,1,1.072795519,0.890337155,1.101570079,0,0,0,0,0
1,0.9,0.87,0.95,0.87,0.71,0.76,1.29,0.88,1,0.91,0.9,0.86,1,1.403458371,1.137315667,1.159872018,1,0,0,0,0
1,0.9,1,0.95,0.87,0.85,0.88,0.81,1,1,1,0.9,0.8,1,0.769389172,1.069554333,0.945723189,1,0,0,0,0
1,0.9,1,0.95,0.87,1,1,1.29,1,1,1,1,0.86,1,0.925050818,0.99575365,0.955646176,0,0,0,0,0
1,0.9,1,1,1,0.85,0.88,0.81,1,1,0.91,1,0.93,1,1.050916721,0.685889463,0.962161642,0,1,0,1,0
1,0.9,1,0.95,0.87,1,0.88,0.9,0.88,0.91,1,0.9,0.86,1,0.786539369,0.888185258,1.038630702,1,0,0,0,0
1.1,1.14,1,0.95,1,1,1.15,0.81,1.1,1.19,1.09,1,0.93,1,0.696436694,0.695448541,0.957693865,0,0,0,0,1
1,1.28,1,0.95,1.15,0.85,0.76,0.9,0.88,1.09,0.84,0.78,0.86,1,0.966024862,0.99782835,0.794569876,0,1,0,0,0
1,1.14,1,0.95,1.15,0.85,0.88,0.81,1,1,1,1,0.86,1,1.207335438,0.864737046,1.277335055,0,0,0,0,0
1,1.14,1,1.15,0.87,0.85,0.88,0.9,1.1,0.85,1.09,0.78,0.8,1,1.170426466,0.897489355,0.895732633,0,0,0,1,0
1,1.14,1.17,1,1,0.85,1,1.29,1.1,1,1,1,0.93,1,0.919687227,0.669335748,1.067273755,0,0,0,0,1
1.1,1.14,1,1,1,0.85,1,1.12,1,1,1,1,1,1,0.905901987,1.221378559,0.797288422,0,0,0,0,1
0.92,0.9,1,0.95,1,1,1,1.12,1,1,1,1,1,1,1.243597066,1.022708118,1.030140747,0,0,0,0,0
1,1.14,1,0.95,0.87,0.85,0.88,0.81,1,1,1,1,1,1,1.048432527,0.916173529,1.189480765,0,1,0,0,0
1,1.14,1,0.95,0.87,0.85,0.88,0.81,1,1,1,1,1,1,1.240352265,0.90979197,1.075665532,0,1,0,0,0
1.1,0.9,1.17,1.07,0.87,1,1,1.12,1,1,1,1,0.93,1,1.317236371,0.864669161,0.825907493,0,0,0,1,1
1,0.9,0.87,1.07,1,1,1,0.9,1.1,1.09,1.19,0.9,0.93,1.43,1.185728662,1.131277177,1.068922547,0,0,0,0,0
1,1,1,1.15,0.87,0.85,0.88,0.81,1.1,1.09,1,0.78,0.8,1,1.039966103,1.097740097,1.066327333,0,1,0,0,0
1,0.9,1,1,0.87,1,0.88,0.9,1,1,0.91,1,0.93,1,0.872352296,1.002055012,1.023770251,0,1,0,0,0
0.92,1,1,1,1,1,1,1,1.1,1,1.09,1.09,1,1,1.11954261,0.760936636,0.894762795,0,0,0,0,1
1.26,1.14,1.17,1.07,0.87,0.85,1,0.81,1.1,1.09,1,1.09,0.93,1,1.142452132,0.787202753,1.069578004,0,0,0,0,1
1,0.9,1,1,0.87,1,0.88,0.9,1.1,1,1.19,1,0.93,1,1.164749439,1.059698071,0.888454475,0,0,0,1,0
1.1,1.14,1,0.95,0.87,0.85,1.15,1.12,0.88,1.09,1.09,1,0.86,1,1.163664897,1.115205284,0.946133156,0,0,0,1,1
1.1,1,1,1.07,0.87,1,1,0.81,1.1,1,1.09,1,0.93,1,1.110625377,0.985255613,1.01775371,0,0,0,0,0
0.92,0.9,0.87,0.95,0.87,1,1,0.81,0.88,1,0.91,1.09,0.86,1,0.89904772,1.032903691,1.157405998,1,0,0,0,0
1,0.9,0.87,1,1,1,1.15,0.81,1.1,1,1,1,0.93,1,1.201255031,0.925214309,1.018505106,0,0,0,0,0
1,0.9,0.87,0.95,0.87,0.71,0.76,1.29,0.88,1,0.91,0.9,0.86,1,1.286566994,1.331974748,1.154086262,1,0,0,0,0
1,0.9,1,0.95,0.87,0.85,0.88,0.81,1,1,1,0.9,0.8,1,0.898148565,0.930133438,1.074402741,1,0,0,0,0
1,0.9,1,0.95,0.87,1,1,1.29,1,1,1,1,0.86,1,1.034970057,1.100012077,1.015783669,0,0,0,0,0
1,0.9,1,1,1,0.85,0.88,0.81,1,1,0.91,1,0.93,1,1.033831438,1.020907709,0.930312984,0,1,0,0,0
1,0.9,1,0.95,0.87,1,0.88,0.9,0.88,0.91,1,0.9,0.86,1,1.013361566,0.873094988,1.040368025,1,0,0,0,0
1.1,1.14,1,0.95,1,1,1.15,0.81,1.1,1.19,1.09,1,0.93,1,1.068152968,0.980954589,0.741939855,0,0,0,0,1
1,1.28,1,0.95,1.15,0.85,0.76,0.9,0.88,1.09,0.84,0.78,0.86,1,1.110554762,0.799712836,0.859680164,0,1,0,1,0
1,1.14,1,0.95,1.15,0.85,0.88,0.81,1,1,1,1,0.86,1,0.984273182,0.770393321,1.107034503,0,0,0,1,0
1,1.14,1,1.15,0.87,0.85,0.88,0.9,1.1,0.85,1.09,0.78,0.8,1,1.392356474,1.228695461,0.992872967,0,0,0,1,0
1,1.14,1.17,1,1,0.85,1,1.29,1.1,1,1,1,0.93,1,0.985974825,1.127240861,1.218797428,0,0,0,1,1
1.1,1.14,1,1,1,0.85,1,1.12,1,1,1,1,1,1,1.381458108,1.111499511,0.921917903,0,0,0,0,1
0.92,0.9,1,0.95,1,1,1,1.12,1,1,1,1,1,1,1.133268982,0.999530489,0.991332552,0,0,0,0,0
1,1.14,1,0.95,0.87,0.85,0.88,0.81,1,1,1,1,1,1,0.928749481,0.817584482,1.13362475,0,1,0,1,0
1,1.14,1,0.95,0.87,0.85,0.88,0.81,1,1,1,1,1,1,0.835885379,0.947569592,0.945393143,0,1,0,0,0
1.1,0.9,1.17,1.07,0.87,1,1,1.12,1,1,1,1,0.93,1,1.064589314,0.965988919,0.901333223,0,0,0,0,1
1,0.9,0.87,1.07,1,1,1,0.9,1.1,1.09,1.19,0.9,0.93,1.43,1.123130713,1.281490855,1.045699074,0,0,0,1,0
1,1,1,1.15,0.87,0.85,0.88,0.81,1.1,1.09,1,0.78,0.8,1,0.883337869,1.044297731,1.017228264,0,1,0,0,0
1,0.9,1,1,0.87,1,0.88,0.9,1,1,0.91,1,0.93,1,1.138167896,1.149065625,0.904248162,0,1,0,0,0
0.92,1,1,1,1,1,1,1,1.1,1,1.09,1.09,1,1,0.833843388,1.251944181,0.942013959,0,0,0,0,1
1.26,1.14,1.17,1.07,0.87,0.85,1,0.81,1.1,1.09,1,1.09,0.93,1,1.072792108,0.74424783,1.093694573,0,0,0,0,1
1,0.9,1,1,0.87,1,0.88,0.9,1.1,1,1.19,1,0.93,1,0.830114662,1.093346161,1.410727321,0,0,0,0,0
1.1,1.14,1,0.95,0.87,0.85,1.15,1.12,0.88,1.09,1.09,1,0.86,1,1.028995368,0.983521456,1.152884912,0,0,0,0,1
1.1,1,1,1.07,0.87,1,1,0.81,1.1,1,1.09,1,0.93,1,1.262063794,1.21742775,0.970094821,0,0,0,0,0
0.92,0.9,0.87,0.95,0.87,1,1,0.81,0.88,1,0.91,1.09,0.86,1,0.900343653,0.881229766,1.160542999,1,0,0,1,0
1,0.9,0.87,1,1,1,1.15,0.81,1.1,1,1,1,0.93,1,1.078713477,0.93560809,0.918075575,0,0,0,0,0
1,0.9,0.87,0.95,0.87,0.71,0.76,1.29,0.88,1,0.91,0.9,0.86,1,0.967155821,0.942960459,0.986033703,1,0,0,0,0
1,0.9,1,0.95,0.87,0.85,0.88,0.81,1,1,1,0.9,0.8,1,1.057132106,1.035043945,1.079536612,1,0,0,0,0
1,0.9,1,0.95,0.87,1,1,1.29,1,1,1,1,0.86,1,1.108175796,1.086487571,1.314247438,0,0,0,0,0
1,0.9,1,1,1,0.85,0.88,0.81,1,1,0.91,1,0.93,1,0.956373147,0.934544858,1.164542309,0,1,0,1,0
1,0.9,1,0.95,0.87,1,0.88,0.9,0.88,0.91,1,0.9,0.86,1,0.923196302,1.186569573,1.067115721,1,0,0,0,0
1.1,1.14,1,0.95,1,1,1.15,0.81,1.1,1.19,1.09,1,0.93,1,0.921825024,1.071449558,0.969161527,0,0,0,0,1
1,1.28,1,0.95,1.15,0.85,0.76,0.9,0.88,1.09,0.84,0.78,0.86,1,1.219394083,1.013673077,0.967249134,0,1,0,0,0
1,1.14,1,0.95,1.15,0.85,0.88,0.81,1,1,1,1,0.86,1,0.908353914,0.918152379,1.184751138,0,0,0,0,0
1,1.14,1,1.15,0.87,0.85,0.88,0.9,1.1,0.85,1.09,0.78,0.8,1,0.965729975,0.943965439,0.765915592,0,0,0,0,0
1,1.14,1.17,1,1,0.85,1,1.29,1.1,1,1,1,0.93,1,0.919566041,1.165672686,1.039159867,0,0,0,0,1
1.1,1.14,1,1,1,0.85,1,1.12,1,1,1,1,1,1,0.839264301,0.808819721,1.048621164,0,0,0,1,1
0.92,0.9,1,0.95,1,1,1,1.12,1,1,1,1,1,1,0.87154776,1.082832295,0.957739462,0,0,0,0,0
1,1.14,1,0.95,0.87,0.85,0.88,0.81,1,1,1,1,1,1,1.121093849,0.845286318,1.098170599,0,1,0,0,0
1,1.14,1,0.95,0.87,0.85,0.88,0.81,1,1,1,1,1,1,0.870854267,1.079173304,1.039792929,0,1,0,1,0
1.1,0.9,1.17,1.07,0.87,1,1,1.12,1,1,1,1,0.93,1,0.98256706,0.979092511,1.326492946,0,0,0,0,1
1,0.9,0.87,1.07,1,1,1,0.9,1.1,1.09,1.19,0.9,0.93,1.43,0.759097493,1.028914961,1.101567347,0,0,0,0,0
1,1,1,1.15,0.87,0.85,0.88,0.81,1.1,1.09,1,0.78,0.8,1,1.010941116,1.032189073,1.08287112,0,1,0,0,0
1,0.9,1,1,0.87,1,0.88,0.9,1,1,0.91,1,0.93,1,1.152050292,0.802232452,1.122195144,0,1,0,0,0
0.92,1,1,1,1,1,1,1,1.1,1,1.09,1.09,1,1,1.018977513,1.186992504,1.054217111,0,0,0,0,1
1.26,1.14,1.17,1.07,0.87,0.85,1,0.81,1.1,1.09,1,1.09,0.93,1,1.112641798,1.201966504,1.136644877,0,0,0,0,1
1,0.9,1,1,0.87,1,0.88,0.9,1.1,1,1.19,1,0.93,1,1.006295361,1.08194707,0.932934973,0,0,0,0,0
1.1,1.14,1,0.95,0.87,0.85,1.15,1.12,0.88,1.09,1.09,1,0.86,1,1.004087707,1.240159097,1.129713097,0,0,0,0,1
1.1,1,1,1.07,0.87,1,1,0.81,1.1,1,1.09,1,0.93,1,1.053076181,1.101882446,0.901179583,0,0,0,1,0
0.92,0.9,0.87,0.95,0.87,1,1,0.81,0.88,1,0.91,1.09,0.86,1,0.929247726,0.932548633,1.141894896,1,0,0,1,0
1,0.9,0.87,1,1,1,1.15,0.81,1.1,1,1,1,0.93,1,1.218586058,1.18122094,1.063664444,0,0,0,0,0
1,0.9,0.87,0.95,0.87,0.71,0.76,1.29,0.88,1,0.91,0.9,0.86,1,0.825886231,1.301162456,1.105986253,1,0,0,0,0
1,0.9,1,0.95,0.87,0.85,0.88,0.81,1,1,1,0.9,0.8,1,0.734829607,0.819082238,0.855276223,1,0,0,0,0
1,0.9,1,0.95,0.87,1,1,1.29,1,1,1,1,0.86,1,0.799254183,1.120097746,0.918135898,0,0,0,0,0
1,0.9,1,1,1,0.85,0.88,0.81,1,1,0.91,1,0.93,1,0.966731001,1.055433625,1.170849781,0,1,0,0,0
1,0.9,1,0.95,0.87,1,0.88,0.9,0.88,0.91,1,0.9,0.86,1,1.134415395,1.125996368,1.002048988,1,0,0,0,0
1.1,1.14,1,0.95,1,1,1.15,0.81,1.1,1.19,1.09,1,0.93,1,1.115758823,1.156929096,0.857696433,0,0,0,1,1
1,1.28,1,0.95,1.15,0.85,0.76,0.9,0.88,1.09,0.84,0.78,0.86,1,0.993156031,1.170916445,0.88841722,0,1,0,0,0
1,1.14,1,0.95,1.15,0.85,0.88,0.81,1,1,1,1,0.86,1,1.224713415,0.951370148,0.890268105,0,0,0,0,0
1,1.14,1,1.15,0.87,0.85,0.88,0.9,1.1,0.85,1.09,0.78,0.8,1,0.889045782,0.995711534,0.98598029,0,0,0,0,0
1,1.14,1.17,1,1,0.85,1,1.29,1.1,1,1,1,0.93,1,1.076169296,0.859823607,1.067472364,0,0,0,0,1
1.1,1.14,1,1,1,0.85,1,1.12,1,1,1,1,1,1,1.311135828,0.953755068,1.17544127,0,0,0,0,1
0.92,0.9,1,0.95,1,1,1,1.12,1,1,1,1,1,1,1.067533101,0.830509875,1.028414426,0,0,0,0,0
