CSmell,SVul,RELY,DATA,CPLX,RUSE,DOCU,TIME,STOR,PVOL,ACAP,PCAP,PCON,APEX,PLEX,LTEX,TOOL,SITE,SCED,AA,PR,ETT,FCR,CD,ISS,ISRR,DRR,RISK1,RISK2,RISK3,RISK4,RISK5
1023.308757,23.70530007,1,1.14,1,0.95,1,1,1,0.87,0.85,0.88,0.81,1,1,1,1,1,1,1.120154862,0.993237432,1.047452978,-782.0727772,821.7832461,356.9644555,1535.990724,1266.675239,1,0,0,0,0
378.1796832,3.190430635,1,1.14,1,0.95,1,1,1,0.87,0.85,0.88,0.81,1,1,1,1,1,1,1.04266816,0.921184584,0.942534666,-136.1713519,294.4723238,575.0773952,1355.221734,-1044.428143,0,1,0,0,0
668.7215757,14.4274231,1.1,0.9,1.17,1.07,1.11,1,1,0.87,1,1,1.12,1,1,1,1,0.93,1,1.001947581,1.043189193,0.951213098,94.51071249,-218.3967055,484.3792176,1086.623101,-220.1739048,1,0,0,0,0
1016.093454,3.671793304,1,0.9,0.87,1.07,1,1,1,1,1,1,0.9,1.1,1.09,1.19,0.9,0.93,1.43,1.087946177,1.23090367,1.027008996,-859.6550318,364.4506923,376.7892329,1336.545269,820.9816639,0,1,0,0,0
917.1881726,19.02337277,1,1,1,1.15,0.91,1,1,0.87,0.85,0.88,0.81,1.1,1.09,1,0.78,0.8,1,0.919614926,0.968780506,0.914910175,436.8185346,-724.458836,-618.5325772,59.75454277,-121.0928078,0,0,0,0,1
1174.815837,20.46009336,1,0.9,1,1,1,1,1,0.87,1,0.88,0.9,1,1,0.91,1,0.93,1,0.944076137,0.927784953,0.913730016,-740.480814,33.11619415,-628.3190497,954.4083656,469.9539014,0,0,0,0,1
505.8997304,17.56231678,0.92,1,1,1,1,1,1,1,1,1,1,1.1,1,1.09,1.09,1,1,1.096238312,1.006932885,0.909913754,373.6786187,419.4399206,-466.5446465,704.8683534,396.8116444,1,0,0,0,0
953.2693526,20.93378571,1.26,1.14,1.17,1.07,1,1,1,0.87,0.85,1,0.81,1.1,1.09,1,1.09,0.93,1,0.91190986,0.940268699,1.227343971,110.0559919,535.4483548,-240.5517552,709.6936868,-282.7372772,0,0,0,1,0
1361.872214,6.163852387,1,0.9,1,1,1,1,1,0.87,1,0.88,0.9,1.1,1,1.19,1,0.93,1,1.018535115,0.893124329,1.071888341,-1196.38516,669.0861017,-249.9183401,1518.557582,-1465.226765,0,0,1,0,0
936.9376354,8.043132155,1.1,1.14,1,0.95,1,1,1.05,0.87,0.85,1.15,1.12,0.88,1.09,1.09,1,0.86,1,1.215522192,0.906926606,0.866946018,-104.0652684,601.4502097,273.0479256,168.1906392,596.9149906,1,0,0,0,0
1208.467102,12.76806774,1.1,1,1,1.07,1,1,1,0.87,1,1,0.81,1.1,1,1.09,1,0.93,1,1.251237502,0.811693486,0.845556879,702.1545129,833.1286059,214.0364879,564.2695253,-606.0091759,0,0,0,0,1
1174.520873,4.654167009,0.92,0.9,0.87,0.95,1,1,1,0.87,1,1,0.81,0.88,1,0.91,1.09,0.86,1,1.009815094,0.939699473,0.955628774,-314.4710994,451.1085587,140.9338736,493.2916127,-679.7666534,0,0,0,0,1
1524.890429,27.94225503,1,0.9,0.87,1,1,1,1.05,1,1,1.15,0.81,1.1,1,1,1,0.93,1,1.189255132,0.863606936,0.939249713,651.9457809,632.5331799,493.4114614,871.330279,339.4182241,1,0,0,0,0
851.3784949,5.490547207,1,0.9,0.87,0.95,0.91,1,1,0.87,0.71,0.76,1.29,0.88,1,0.91,0.9,0.86,1,1.086689696,0.91210972,0.944541974,982.2341915,915.2325598,645.148384,422.1690987,-133.9420648,0,0,0,0,1
1009.346514,11.48753367,1,0.9,1,0.95,1,1,1.05,0.87,0.85,0.88,0.81,1,1,1,0.9,0.8,1,0.923903147,0.996385143,1.007287429,707.141126,782.7969017,-315.1006423,682.8141821,874.2166994,0,1,0,0,0
756.951047,18.89031525,1,0.9,1,0.95,1,1,1.05,0.87,1,1,1.29,1,1,1,1,0.86,1,0.728970568,1.039037937,1.110790517,55.53726452,401.0502632,-541.2317996,1501.332831,338.6745795,0,1,0,0,0
755.2369243,3.604303795,1,0.9,1,1,1,1,1,1,0.85,0.88,0.81,1,1,0.91,1,0.93,1,1.203823986,1.300329145,0.993399084,599.729535,1187.873821,-192.0050403,543.3352058,412.0310207,1,0,0,0,0
981.2136042,13.70462638,1,0.9,1,0.95,1,1.11,1,0.87,1,0.88,0.9,0.88,0.91,1,0.9,0.86,1,0.976136535,0.995097963,1.002040713,-82.08372282,-383.9410308,1017.962652,518.1097269,398.2124606,0,1,0,0,0
906.3431442,5.341666552,1.1,1.14,1,0.95,1,1,1,1,1,1.15,0.81,1.1,1.19,1.09,1,0.93,1,0.94335368,0.816800462,0.920484487,-507.5972363,1124.941993,-178.287931,417.1301092,-78.56753389,0,1,0,0,0
1850.615346,8.684884274,1,1.28,1,0.95,0.91,1.63,1,1.15,0.85,0.76,0.9,0.88,1.09,0.84,0.78,0.86,1,1.206960841,1.047964534,1.058495927,-260.5555479,534.8734131,-84.19594321,1338.230082,847.3358403,0,0,0,0,1
923.7378868,26.33573119,1,1.14,1,0.95,1,1,1,1.15,0.85,0.88,0.81,1,1,1,1,0.86,1,0.984729496,1.168432939,1.014520584,502.9747085,393.2599121,888.3745325,1576.909973,-223.0795167,0,1,0,0,0
878.975739,14.27972117,1,1.14,1,1.15,1,1,1,0.87,0.85,0.88,0.9,1.1,0.85,1.09,0.78,0.8,1,0.987245431,0.875154171,0.955314011,184.672159,156.6347175,-367.8893554,556.3127048,518.8097553,0,0,0,1,0
891.6069165,7.232456667,1,1.14,1.17,1,1.11,1,1,1,0.85,1,1.29,1.1,1,1,1,0.93,1,1.104986176,0.544289568,0.995735065,-911.7145538,40.68869885,-266.2472448,749.0655936,-87.37857512,0,0,0,0,1
1075.278887,-0.717346425,1.1,1.14,1,1,1.11,1.11,1.05,1,0.85,1,1.12,1,1,1,1,1,1,0.952507024,0.801077702,1.074262909,186.9142345,304.5178512,-360.4531712,261.0154695,760.7312492,0,0,0,0,1
608.638676,25.63689555,0.92,0.9,1,0.95,1.11,1,1,1,1,1,1.12,1,1,1,1,1,1,1.08420806,0.814333013,0.72162128,-157.3117861,17.16106326,157.2962825,794.8337396,-170.8257896,0,1,0,0,0
867.715516,1.650590332,1,1.14,1,0.95,1,1,1,0.87,0.85,0.88,0.81,1,1,1,1,1,1,1.113486317,0.854987982,0.629775444,-47.01558065,89.25889856,-551.4774253,70.99575217,1075.621218,0,0,1,0,0
491.0784271,26.91203374,1,1.14,1,0.95,1,1,1,0.87,0.85,0.88,0.81,1,1,1,1,1,1,0.864766997,0.767011482,1.058271964,75.94540199,60.20545676,908.3136785,1561.828921,543.4696645,0,0,0,1,0
1399.392111,23.16540251,1.1,0.9,1.17,1.07,1.11,1,1,0.87,1,1,1.12,1,1,1,1,0.93,1,1.1568534,1.196592037,0.91733778,-202.7243726,197.8405575,217.4572607,375.1182458,115.9101389,0,0,0,0,1
725.8762408,28.38348833,1,0.9,0.87,1.07,1,1,1,1,1,1,0.9,1.1,1.09,1.19,0.9,0.93,1.43,1.21075971,1.037479932,1.023019386,270.4093785,825.7467005,-115.3316334,1205.406147,-121.5368259,0,0,0,0,1
888.0349739,25.14809603,1,1,1,1.15,0.91,1,1,0.87,0.85,0.88,0.81,1.1,1.09,1,0.78,0.8,1,1.054311219,0.935468652,1.117070312,-554.4282266,924.447087,47.30050673,564.1618922,1059.566229,0,0,0,0,1
830.4119754,19.76794164,1,0.9,1,1,1,1,1,0.87,1,0.88,0.9,1,1,0.91,1,0.93,1,0.857890695,1.068945299,1.051178574,777.0316728,1385.905804,-356.0387917,352.0395971,546.3933105,0,0,0,1,0
1009.575868,25.65546387,0.92,1,1,1,1,1,1,1,1,1,1,1.1,1,1.09,1.09,1,1,1.097413912,0.743269163,1.037479758,328.9671153,517.1104517,514.6111624,738.2061613,-21.21713811,1,0,0,0,0
955.4182616,24.78898627,1.26,1.14,1.17,1.07,1,1,1,0.87,0.85,1,0.81,1.1,1.09,1,1.09,0.93,1,1.066752612,0.835233146,1.049678937,-250.0563728,723.7018126,659.1262719,463.3962347,382.8962001,0,0,0,1,0
322.7723247,6.712769147,1,0.9,1,1,1,1,1,0.87,1,0.88,0.9,1.1,1,1.19,1,0.93,1,0.978723888,1.019572701,0.824519588,131.4870686,463.8021248,-288.9171994,913.9111671,78.66426896,0,0,0,0,1
802.279703,27.89363707,1.1,1.14,1,0.95,1,1,1.05,0.87,0.85,1.15,1.12,0.88,1.09,1.09,1,0.86,1,1.141985087,1.103887316,1.080185905,551.5119172,599.7629159,187.2549363,657.0697321,961.3861101,0,0,0,1,0
1104.516704,15.15235556,1.1,1,1,1.07,1,1,1,0.87,1,1,0.81,1.1,1,1.09,1,0.93,1,0.978688351,1.151957475,0.943978397,-202.1713355,25.32370291,207.8211434,933.4998893,390.9447873,0,0,1,0,0
1139.801572,7.742444718,0.92,0.9,0.87,0.95,1,1,1,0.87,1,1,0.81,0.88,1,0.91,1.09,0.86,1,1.00125449,0.983569257,0.873893877,429.3155016,1462.343272,-621.4470798,749.7280584,271.2463129,0,0,0,0,1
1198.254132,39.83399187,1,0.9,0.87,1,1,1,1.05,1,1,1.15,0.81,1.1,1,1,1,0.93,1,1.222991721,1.139662607,1.231267524,-269.6937019,1179.31878,511.9114595,1234.118036,-19.09269015,0,1,0,0,0
1597.063406,11.6715385,1,0.9,0.87,0.95,0.91,1,1,0.87,0.71,0.76,1.29,0.88,1,0.91,0.9,0.86,1,0.925685659,1.155757513,1.037491074,218.1835018,330.2513462,771.9012644,1182.55579,113.6148373,0,0,1,0,0
1434.846842,11.95350735,1,0.9,1,0.95,1,1,1.05,0.87,0.85,0.88,0.81,1,1,1,0.9,0.8,1,1.002966156,1.163983958,1.081272704,495.7145806,195.4504256,-549.2925095,299.7146449,101.8340167,1,0,0,0,0
1526.723883,14.5065511,1,0.9,1,0.95,1,1,1.05,0.87,1,1,1.29,1,1,1,1,0.86,1,1.000900451,1.135261157,0.806152469,-239.3997012,-82.3179349,-16.83552729,731.5464927,427.3207029,0,0,1,0,0
972.5920804,30.93559325,1,0.9,1,1,1,1,1,1,0.85,0.88,0.81,1,1,0.91,1,0.93,1,1.078768232,1.096781288,1.165821332,1063.275161,133.3743494,365.3926669,943.5816343,392.8888081,0,0,0,1,0
1595.955868,2.818230813,1,0.9,1,0.95,1,1.11,1,0.87,1,0.88,0.9,0.88,0.91,1,0.9,0.86,1,0.718107879,0.811152849,0.999673876,420.4384106,1187.096525,274.8872346,473.2299303,-11.47277888,0,0,0,0,1
1369.118307,5.517113392,1.1,1.14,1,0.95,1,1,1,1,1,1.15,0.81,1.1,1.19,1.09,1,0.93,1,0.957456738,1.135029137,0.862252916,-256.8161216,-403.6477467,-1104.163779,563.0362499,358.3646155,0,0,0,0,1
894.8582517,10.5018568,1,1.28,1,0.95,0.91,1.63,1,1.15,0.85,0.76,0.9,0.88,1.09,0.84,0.78,0.86,1,1.366529182,0.922008174,1.18680404,799.1878725,669.3473149,863.3489752,908.6957303,358.1617525,0,0,0,0,1
598.6253279,14.63297872,1,1.14,1,0.95,1,1,1,1.15,0.85,0.88,0.81,1,1,1,1,0.86,1,1.084666881,1.09911711,1.160855973,983.391639,220.1293498,431.0906201,847.0720197,193.0815496,0,0,0,1,0
306.3169977,18.72639073,1,1.14,1,1.15,1,1,1,0.87,0.85,0.88,0.9,1.1,0.85,1.09,0.78,0.8,1,0.871369165,1.274336008,0.906346538,-614.4869581,27.7420474,269.8205834,598.3634012,1161.322155,1,0,0,0,0
1133.506333,16.53079605,1,1.14,1.17,1,1.11,1,1,1,0.85,1,1.29,1.1,1,1,1,0.93,1,1.151806117,1.148210918,0.727862899,436.4475673,-150.5648572,1122.707881,1529.57624,-34.92985628,0,0,0,1,0
750.4835589,39.62514463,1.1,1.14,1,1,1.11,1.11,1.05,1,0.85,1,1.12,1,1,1,1,1,1,1.076626351,1.170339384,0.98168069,773.7467958,106.7624577,543.2269169,531.6998146,-950.0160913,0,0,0,0,1
696.0337583,12.69406473,0.92,0.9,1,0.95,1.11,1,1,1,1,1,1.12,1,1,1,1,1,1,0.856808368,1.086750576,1.033611985,932.8455004,-104.5190238,434.8202105,441.2089314,-570.4732223,0,1,0,0,0
1454.883404,7.368458963,1,1.14,1,0.95,1,1,1,0.87,0.85,0.88,0.81,1,1,1,1,1,1,1.057720729,1.07181729,1.128784868,1008.409196,732.6307736,460.6568095,1130.08626,1168.210862,0,0,0,1,0
792.3800609,19.45471143,1,1.14,1,0.95,1,1,1,0.87,0.85,0.88,0.81,1,1,1,1,1,1,1.451855379,1.014645494,0.953606389,123.4732701,-23.29092473,72.03817939,629.0098025,-56.37794385,0,0,0,0,1
1570.404628,16.48416047,1.1,0.9,1.17,1.07,1.11,1,1,0.87,1,1,1.12,1,1,1,1,0.93,1,0.931982942,1.065527524,1.017937255,374.3490498,143.3957807,-353.1889277,810.3046305,495.9764816,0,0,0,1,0
1420.530675,4.426606743,1,0.9,0.87,1.07,1,1,1,1,1,1,0.9,1.1,1.09,1.19,0.9,0.93,1.43,1.216472803,1.027558756,1.241113131,499.6852153,-345.795889,332.0576378,571.9241335,557.0514687,0,1,0,0,0
755.2500056,17.43287953,1,1,1,1.15,0.91,1,1,0.87,0.85,0.88,0.81,1.1,1.09,1,0.78,0.8,1,0.994812697,0.940332734,0.874794549,-354.6918596,1014.987954,-108.5840351,134.3249027,33.61249975,1,0,0,0,0
1116.83913,7.944750556,1,0.9,1,1,1,1,1,0.87,1,0.88,0.9,1,1,0.91,1,0.93,1,1.037539586,0.98695775,0.998143688,816.7224069,250.3205824,459.0943926,644.5767747,-226.7456297,0,0,0,0,1
-31.14664262,31.42000515,0.92,1,1,1,1,1,1,1,1,1,1,1.1,1,1.09,1.09,1,1,1.089013285,0.878189944,1.128946939,-411.4052193,38.02468615,248.4951922,1497.597334,864.9633868,1,0,0,0,0
1166.036449,9.662574676,1.26,1.14,1.17,1.07,1,1,1,0.87,0.85,1,0.81,1.1,1.09,1,1.09,0.93,1,0.944895216,1.378342278,0.983169261,332.7446828,1009.442707,478.6897275,1167.121676,134.8377025,1,0,0,0,0
898.377827,15.75731331,1,0.9,1,1,1,1,1,0.87,1,0.88,0.9,1.1,1,1.19,1,0.93,1,1.134231114,1.066383016,1.129060988,461.9811878,216.1651941,162.0348495,377.0342059,409.6404912,0,0,0,0,1
583.4682329,22.52051468,1.1,1.14,1,0.95,1,1,1.05,0.87,0.85,1.15,1.12,0.88,1.09,1.09,1,0.86,1,0.909418479,0.888266696,0.941490771,-332.2746409,443.1042706,-187.2488774,325.696046,30.70972488,1,0,0,0,0
72.07589223,14.71129279,1.1,1,1,1.07,1,1,1,0.87,1,1,0.81,1.1,1,1.09,1,0.93,1,1.110214389,0.666469067,0.959508388,-80.36852241,77.72091755,-1147.518183,310.0023908,614.6863345,1,0,0,0,0
29.185404,52.05779882,0.92,0.9,0.87,0.95,1,1,1,0.87,1,1,0.81,0.88,1,0.91,1.09,0.86,1,1.351561435,1.201882454,0.980757235,509.32141,409.7702103,185.8783675,-86.95895628,926.5932529,1,0,0,0,0
536.4212728,11.52584697,1,0.9,0.87,1,1,1,1.05,1,1,1.15,0.81,1.1,1,1,1,0.93,1,0.992480482,0.786899715,0.927048539,708.8956845,616.5007792,158.6886737,1410.591725,885.6952704,0,1,0,0,0
1264.775308,21.99212397,1,0.9,0.87,0.95,0.91,1,1,0.87,0.71,0.76,1.29,0.88,1,0.91,0.9,0.86,1,1.02312215,1.018702026,1.02740481,-24.56934396,696.2528054,-514.4259534,1568.028862,-81.99449782,0,0,0,1,0
1028.877395,-0.000181096,1,0.9,1,0.95,1,1,1.05,0.87,0.85,0.88,0.81,1,1,1,0.9,0.8,1,1.064764861,0.936449368,0.87893783,339.1877089,32.46334507,-687.7043057,1232.547044,413.6691978,0,0,1,0,0
1179.272392,-1.52288939,1,0.9,1,0.95,1,1,1.05,0.87,1,1,1.29,1,1,1,1,0.86,1,1.057887053,1.089867256,1.051525972,-997.6369837,1239.648095,-152.8309023,777.6780338,546.5162033,0,0,0,0,1
201.7106341,24.19869458,1,0.9,1,1,1,1,1,1,0.85,0.88,0.81,1,1,0.91,1,0.93,1,1.002271346,1.108067062,1.030451369,22.98091866,99.90591498,203.8692974,1203.106855,1016.516343,0,0,1,0,0
1145.373521,15.55569834,1,0.9,1,0.95,1,1.11,1,0.87,1,0.88,0.9,0.88,0.91,1,0.9,0.86,1,1.049240792,1.179212312,0.934924284,19.75185979,88.62847216,504.9765488,295.8508308,401.8070071,1,0,0,0,0
1543.463568,14.87911393,1.1,1.14,1,0.95,1,1,1,1,1,1.15,0.81,1.1,1.19,1.09,1,0.93,1,0.925082996,1.33526529,1.089601882,-242.1523645,-1386.466017,-786.9981388,846.8663975,198.4758474,0,0,0,1,0
1212.798379,11.5685984,1,1.28,1,0.95,0.91,1.63,1,1.15,0.85,0.76,0.9,0.88,1.09,0.84,0.78,0.86,1,1.118287563,1.070918346,0.944862233,-648.0425028,395.0151209,798.4508321,687.199572,17.96879912,0,0,0,1,0
792.9008976,18.30166863,1,1.14,1,0.95,1,1,1,1.15,0.85,0.88,0.81,1,1,1,1,0.86,1,1.03573666,0.90752246,1.173344505,-639.3638695,482.7536841,-44.23327688,932.2934981,34.75272429,0,0,1,0,0
1469.932858,-3.129386648,1,1.14,1,1.15,1,1,1,0.87,0.85,0.88,0.9,1.1,0.85,1.09,0.78,0.8,1,0.732625506,1.309365933,1.154319997,-496.0394872,1117.148886,-169.3823542,1107.477596,749.3148877,0,0,1,0,0
513.628715,44.39478966,1,1.14,1.17,1,1.11,1,1,1,0.85,1,1.29,1.1,1,1,1,0.93,1,1.026182135,1.113517563,1.07981814,395.3964101,1022.479112,-102.8136998,1131.710654,352.0721492,0,0,0,0,1
1458.389978,20.29345909,1.1,1.14,1,1,1.11,1.11,1.05,1,0.85,1,1.12,1,1,1,1,1,1,0.963803151,0.928802277,0.935607098,-380.9734543,-384.2942309,196.262816,1034.659932,606.5305676,1,0,0,0,0
682.6462086,9.647625089,0.92,0.9,1,0.95,1.11,1,1,1,1,1,1.12,1,1,1,1,1,1,0.858744221,0.921699036,0.976276977,761.9071472,339.9147488,495.8151875,-1.75107169,1019.520299,0,0,0,0,1
1034.768592,30.29677695,1,1.14,1,0.95,1,1,1,0.87,0.85,0.88,0.81,1,1,1,1,1,1,1.188598293,1.084422278,1.281309447,-171.1068639,-333.8885715,18.83227317,544.5473314,-263.9333922,0,0,1,0,0
636.1611408,22.33057365,1,1.14,1,0.95,1,1,1,0.87,0.85,0.88,0.81,1,1,1,1,1,1,0.815277622,1.321488836,1.017900798,-283.818791,480.691664,826.6114191,717.8011693,-59.55852787,0,0,0,1,0
976.6631865,17.15156385,1.1,0.9,1.17,1.07,1.11,1,1,0.87,1,1,1.12,1,1,1,1,0.93,1,1.100212295,0.919282027,1.16697803,-887.3923702,281.1631813,-360.857657,914.821248,-320.0223859,0,0,1,0,0
189.7620211,33.813386,1,0.9,0.87,1.07,1,1,1,1,1,1,0.9,1.1,1.09,1.19,0.9,0.93,1.43,1.269926245,0.635440179,1.236814276,-521.2574062,556.7635596,-735.7891909,1124.254574,-207.5033785,1,0,0,0,0
1077.877677,13.30110615,1,1,1,1.15,0.91,1,1,0.87,0.85,0.88,0.81,1.1,1.09,1,0.78,0.8,1,0.832140406,0.881379134,0.99064633,-70.30168744,644.8425718,-123.3618647,-136.1715985,-157.0490928,0,1,0,0,0
854.6533197,22.564901,1,0.9,1,1,1,1,1,0.87,1,0.88,0.9,1,1,0.91,1,0.93,1,1.524351391,1.053006551,0.8560882,163.4936282,415.4108985,219.3482169,1135.798945,491.9025312,1,0,0,0,0
250.738285,23.65324482,0.92,1,1,1,1,1,1,1,1,1,1,1.1,1,1.09,1.09,1,1,0.695432912,1.121738516,1.005948191,114.1548216,240.2089361,344.154108,877.5703587,-197.8907627,0,1,0,0,0
861.1135085,33.57310497,1.26,1.14,1.17,1.07,1,1,1,0.87,0.85,1,0.81,1.1,1.09,1,1.09,0.93,1,0.73200855,1.01518877,1.014231,512.4941007,592.2909299,-377.1827356,342.3127156,-615.0644071,0,0,0,0,1
1155.556147,6.844033066,1,0.9,1,1,1,1,1,0.87,1,0.88,0.9,1.1,1,1.19,1,0.93,1,0.90263555,0.95636135,1.23477455,-70.3842479,432.6998644,-400.2393611,996.5420432,-56.44197934,0,0,0,1,0
1338.092526,20.39681256,1.1,1.14,1,0.95,1,1,1.05,0.87,0.85,1.15,1.12,0.88,1.09,1.09,1,0.86,1,0.604327078,1.084995593,1.052110291,430.7158262,1498.551642,456.1164838,662.058626,18.40992549,0,0,0,1,0
947.5028302,18.30280628,1.1,1,1,1.07,1,1,1,0.87,1,1,0.81,1.1,1,1.09,1,0.93,1,1.142458752,0.921298674,1.02335836,140.6525011,369.4122279,393.3145661,811.2652231,-210.1305855,0,0,1,0,0
837.164656,18.66060828,0.92,0.9,0.87,0.95,1,1,1,0.87,1,1,0.81,0.88,1,0.91,1.09,0.86,1,1.180257913,1.108734969,0.997195649,-279.3731706,141.3067112,2.072319164,548.1397962,-369.9449962,1,0,0,0,0
966.6789796,11.67783132,1,0.9,0.87,1,1,1,1.05,1,1,1.15,0.81,1.1,1,1,1,0.93,1,1.152804266,1.152055211,1.019827398,191.2173932,1041.179713,376.8209237,649.1140991,1.138746592,0,0,0,0,1
866.0199687,6.872099615,1,0.9,0.87,0.95,0.91,1,1,0.87,0.71,0.76,1.29,0.88,1,0.91,0.9,0.86,1,1.062648212,1.080518466,0.893337125,113.7498167,-456.7709782,-414.9423435,849.0160095,-154.8014031,0,1,0,0,0
820.5742714,16.6319599,1,0.9,1,0.95,1,1,1.05,0.87,0.85,0.88,0.81,1,1,1,0.9,0.8,1,1.069947275,1.196833458,0.978809686,-473.2000643,664.1722689,412.6657066,-17.05443697,102.2576419,0,0,1,0,0
545.0275485,12.31358348,1,0.9,1,0.95,1,1,1.05,0.87,1,1,1.29,1,1,1,1,0.86,1,1.091879037,0.846948974,0.990059863,236.6855504,150.4257609,987.6006322,968.1892365,927.4288167,0,0,0,1,0
861.8513223,32.60311738,1,0.9,1,1,1,1,1,1,0.85,0.88,0.81,1,1,0.91,1,0.93,1,0.806561268,1.023160742,1.010475218,-580.1663955,598.5128013,461.983349,328.6165763,-257.801044,0,0,0,1,0
649.0082448,23.41618635,1,0.9,1,0.95,1,1.11,1,0.87,1,0.88,0.9,0.88,0.91,1,0.9,0.86,1,1.084250592,0.859943075,1.178387453,794.5594443,476.5257434,694.5141058,258.287929,95.88377508,0,0,0,1,0
834.0254626,50.28947597,1.1,1.14,1,0.95,1,1,1,1,1,1.15,0.81,1.1,1.19,1.09,1,0.93,1,1.038497582,1.18290972,0.770418841,774.9514695,150.3485583,136.6026792,946.3545195,838.0930971,0,0,0,0,1
451.1898292,2.376960008,1,1.28,1,0.95,0.91,1.63,1,1.15,0.85,0.76,0.9,0.88,1.09,0.84,0.78,0.86,1,1.26250479,0.733986882,1.0668834,-19.67679807,-51.15114028,-634.2942182,1379.084127,264.7018687,0,0,0,0,1
1431.920538,8.575342952,1,1.14,1,0.95,1,1,1,1.15,0.85,0.88,0.81,1,1,1,1,0.86,1,1.063845106,0.877684313,0.906889737,384.1676935,702.6227486,-87.76538547,583.5123444,555.3849847,0,0,1,0,0
815.1486063,12.7169,1,1.14,1,1.15,1,1,1,0.87,0.85,0.88,0.9,1.1,0.85,1.09,0.78,0.8,1,0.952005372,1.168555585,1.219208479,307.2711132,644.1670038,551.6695966,1504.093235,377.7037027,1,0,0,0,0
926.1192591,20.74041509,1,1.14,1.17,1,1.11,1,1,1,0.85,1,1.29,1.1,1,1,1,0.93,1,0.912898677,0.932659142,1.013574023,246.8319286,-0.261233987,-666.2130529,52.132497,75.78182034,0,1,0,0,0
400.5037587,12.43618913,1.1,1.14,1,1,1.11,1.11,1.05,1,0.85,1,1.12,1,1,1,1,1,1,1.192478126,1.374048471,1.001176604,-7.057870764,806.4185652,-376.8662021,1416.834797,-422.1443033,0,0,0,1,0
635.6710055,25.1084672,0.92,0.9,1,0.95,1.11,1,1,1,1,1,1.12,1,1,1,1,1,1,1.286135362,1.054320681,0.647425356,1060.882695,71.36600824,160.7902054,1074.872041,88.03897406,0,0,0,1,0
972.7670985,45.50467759,1,1.14,1,0.95,1,1,1,0.87,0.85,0.88,0.81,1,1,1,1,1,1,1.117608046,1.202298887,0.995121539,1035.109169,1191.538222,503.4432551,1403.91915,-190.2321671,0,0,1,0,0
504.732158,27.81518907,1,1.14,1,0.95,1,1,1,0.87,0.85,0.88,0.81,1,1,1,1,1,1,0.921358958,0.981622876,1.307638422,302.9642612,-140.8532125,240.8240871,964.6581034,-421.107292,0,1,0,0,0
1363.80631,22.11265383,1.1,0.9,1.17,1.07,1.11,1,1,0.87,1,1,1.12,1,1,1,1,0.93,1,0.819475414,0.872688548,0.976874764,-78.50382458,1161.721636,-724.7169952,837.2592026,197.3724387,0,1,0,0,0
1271.947256,4.429640056,1,0.9,0.87,1.07,1,1,1,1,1,1,0.9,1.1,1.09,1.19,0.9,0.93,1.43,0.90491471,1.089208218,0.882322795,-54.82686653,676.8572377,-72.42603749,1145.601191,188.422635,0,0,0,1,0
951.5177582,17.13860344,1,1,1,1.15,0.91,1,1,0.87,0.85,0.88,0.81,1.1,1.09,1,0.78,0.8,1,1.058936519,0.81780908,1.035525586,89.92945863,34.87262962,-296.3807431,961.6450587,793.4211079,0,1,0,0,0
805.7733614,13.114304,1,0.9,1,1,1,1,1,0.87,1,0.88,0.9,1,1,0.91,1,0.93,1,1.026370629,1.06853535,1.290792524,-261.1105593,-456.8876979,-316.4982156,85.26366626,988.955276,0,0,0,0,1
1166.622148,26.6552209,0.92,1,1,1,1,1,1,1,1,1,1,1.1,1,1.09,1.09,1,1,0.921098437,1.115809526,1.275874741,406.5003558,1259.728587,-465.3706221,787.2651656,1182.515958,0,0,0,0,1
874.8422542,19.0729021,1.26,1.14,1.17,1.07,1,1,1,0.87,0.85,1,0.81,1.1,1.09,1,1.09,0.93,1,1.062955892,0.974031634,0.890426971,348.1007463,959.3442739,-423.3566407,543.2308018,1036.877618,1,0,0,0,0
1272.664479,7.42733781,1,0.9,1,1,1,1,1,0.87,1,0.88,0.9,1.1,1,1.19,1,0.93,1,0.833225915,1.080011831,1.129761884,-311.8262494,1115.759244,-763.8225097,1332.408149,70.32588236,0,0,1,0,0
881.0693538,15.10399411,1.1,1.14,1,0.95,1,1,1.05,0.87,0.85,1.15,1.12,0.88,1.09,1.09,1,0.86,1,1.140774517,1.089442933,0.794183892,140.9773552,-339.8826566,648.7084296,340.948235,186.6342872,0,1,0,0,0
1143.779096,-7.479634628,1.1,1,1,1.07,1,1,1,0.87,1,1,0.81,1.1,1,1.09,1,0.93,1,1.306289151,0.835803334,0.97099701,37.91695514,794.6255444,-308.0501892,488.1623388,266.8126012,0,0,0,0,1
599.5077704,12.52968473,0.92,0.9,0.87,0.95,1,1,1,0.87,1,1,0.81,0.88,1,0.91,1.09,0.86,1,1.107021276,0.903282741,1.206447169,273.2465823,381.6583929,203.2704245,226.9036587,-143.4499527,0,0,0,0,1
367.983806,27.83003709,1,0.9,0.87,1,1,1,1.05,1,1,1.15,0.81,1.1,1,1,1,0.93,1,0.766337005,1.131404378,1.059912294,606.9598177,48.56828048,181.4984965,1275.514141,490.4278535,0,0,0,0,1
649.3920389,10.80683788,1,0.9,0.87,0.95,0.91,1,1,0.87,0.71,0.76,1.29,0.88,1,0.91,0.9,0.86,1,0.719890701,1.003759307,0.944029934,-131.278896,135.2054784,-237.4143514,794.5105488,773.8065076,0,1,0,0,0
1334.5054,14.76044213,1,0.9,1,0.95,1,1,1.05,0.87,0.85,0.88,0.81,1,1,1,0.9,0.8,1,1.062672981,0.96444555,1.146228536,1353.851856,610.0683692,266.6585133,580.409308,754.5441161,0,0,0,0,1
237.5505797,23.02261324,1,0.9,1,0.95,1,1,1.05,0.87,1,1,1.29,1,1,1,1,0.86,1,1.138326633,1.28096875,0.963211453,1347.66848,92.36085444,-348.1045874,818.8003506,257.4278777,1,0,0,0,0
980.9759397,28.6913592,1,0.9,1,1,1,1,1,1,0.85,0.88,0.81,1,1,0.91,1,0.93,1,1.013298693,1.107885015,0.792525331,537.8989413,-404.5370636,90.34892821,1447.259716,69.36327218,0,1,0,0,0
606.5777081,11.36704522,1,0.9,1,0.95,1,1.11,1,0.87,1,0.88,0.9,0.88,0.91,1,0.9,0.86,1,1.031190089,1.013512706,1.240729916,589.5050751,692.7508922,40.98842048,67.17636419,464.0960184,0,0,0,0,1
1072.826583,29.24107387,1.1,1.14,1,0.95,1,1,1,1,1,1.15,0.81,1.1,1.19,1.09,1,0.93,1,1.132298145,1.144397078,0.972155181,1012.012814,251.7241947,1400.891046,1254.775014,-447.5171787,0,0,0,1,0
546.9765979,15.33004789,1,1.28,1,0.95,0.91,1.63,1,1.15,0.85,0.76,0.9,0.88,1.09,0.84,0.78,0.86,1,1.034739709,1.192168647,1.011830409,99.59164536,1039.063226,769.9824964,557.0381722,399.1003436,0,0,0,1,0
1262.300508,5.504819304,1,1.14,1,0.95,1,1,1,1.15,0.85,0.88,0.81,1,1,1,1,0.86,1,1.206788253,1.256344132,0.797390877,799.3738305,765.3687019,194.7703746,2164.283218,-705.191447,0,1,0,0,0
510.4275017,23.10807691,1,1.14,1,1.15,1,1,1,0.87,0.85,0.88,0.9,1.1,0.85,1.09,0.78,0.8,1,1.139955606,1.151327359,1.206261042,-286.2166109,-140.1669082,582.9908765,636.7182985,-7.046050013,0,0,1,0,0
954.2513199,4.893052154,1,1.14,1.17,1,1.11,1,1,1,0.85,1,1.29,1.1,1,1,1,0.93,1,1.012465286,1.080981408,1.309549625,291.9846963,178.463207,755.7977746,749.889839,433.418373,0,0,1,0,0
695.4036221,16.04760291,1.1,1.14,1,1,1.11,1.11,1.05,1,0.85,1,1.12,1,1,1,1,1,1,0.806345385,0.758714199,0.877835582,134.3503548,831.7566108,-86.50047831,1136.883524,182.5050651,0,0,0,1,0
260.4050937,41.09885991,0.92,0.9,1,0.95,1.11,1,1,1,1,1,1.12,1,1,1,1,1,1,1.030344574,1.08429175,0.864999815,-712.0832614,-53.49967037,324.0843492,1201.769983,473.5634856,0,0,0,0,1
1392.508518,15.65067006,1,1.14,1,0.95,1,1,1,0.87,0.85,0.88,0.81,1,1,1,1,1,1,1.036698857,1.303724496,0.878544144,241.8671818,-1027.175393,-44.66295302,1636.016581,-382.1840102,0,0,1,0,0
1009.942639,5.194418428,1,1.14,1,0.95,1,1,1,0.87,0.85,0.88,0.81,1,1,1,1,1,1,0.959241635,1.141297324,1.149089567,554.8946528,-84.07322053,-131.9319179,1254.715882,-175.4051504,0,0,0,0,1
286.6511839,28.49439399,1.1,0.9,1.17,1.07,1.11,1,1,0.87,1,1,1.12,1,1,1,1,0.93,1,0.997951347,0.958099901,0.912395148,400.265737,371.7380376,174.0572003,1158.73449,1176.61653,1,0,0,0,0
947.7700536,-1.849591301,1,0.9,0.87,1.07,1,1,1,1,1,1,0.9,1.1,1.09,1.19,0.9,0.93,1.43,0.917746862,0.913541117,0.768215484,958.5530637,358.0906458,207.7124963,574.7562516,-1237.724706,0,0,1,0,0
1655.206667,24.06429062,1,1,1,1.15,0.91,1,1,0.87,0.85,0.88,0.81,1.1,1.09,1,0.78,0.8,1,1.353974455,1.000832132,1.131541055,-312.9150651,-1.16970025,-65.73601489,531.2922481,410.2066316,0,0,1,0,0
663.8116875,10.39440641,1,0.9,1,1,1,1,1,0.87,1,0.88,0.9,1,1,0.91,1,0.93,1,1.024941134,1.065938621,1.084812548,205.7617417,-436.3975803,-725.3884791,65.92782077,504.7083603,0,0,0,1,0
1098.902345,27.77194527,0.92,1,1,1,1,1,1,1,1,1,1,1.1,1,1.09,1.09,1,1,1.207763016,0.957756915,1.143172947,18.37548169,167.3744002,186.6061837,1041.59313,246.2606339,0,0,1,0,0
752.054925,21.00436863,1.26,1.14,1.17,1.07,1,1,1,0.87,0.85,1,0.81,1.1,1.09,1,1.09,0.93,1,0.692021555,0.840381075,1.148886579,-5.551441007,-414.5331862,555.2794252,1149.697971,1086.01512,0,0,0,1,0
631.7998465,15.32073812,1,0.9,1,1,1,1,1,0.87,1,0.88,0.9,1.1,1,1.19,1,0.93,1,1.124843304,1.005901914,1.216694473,802.1144331,-174.7377754,-162.807185,293.8002365,-519.0050584,0,0,0,1,0
995.9541783,17.0304005,1.1,1.14,1,0.95,1,1,1.05,0.87,0.85,1.15,1.12,0.88,1.09,1.09,1,0.86,1,0.929122232,0.989797459,1.326885612,-34.09884002,689.4662846,-259.0148375,1101.755368,681.5182305,0,0,0,0,1
891.8937508,12.27556912,1.1,1,1,1.07,1,1,1,0.87,1,1,0.81,1.1,1,1.09,1,0.93,1,0.639968687,1.017465111,1.026905844,915.7887094,-150.4517031,-140.8243638,1440.310548,257.7880299,0,1,0,0,0
1482.573205,19.55124128,0.92,0.9,0.87,0.95,1,1,1,0.87,1,1,0.81,0.88,1,0.91,1.09,0.86,1,1.011245872,1.157307913,1.357664099,121.9819788,-638.2732259,-533.0308889,1551.784892,116.3671012,0,1,0,0,0
1484.817867,0.259373726,1,0.9,0.87,1,1,1,1.05,1,1,1.15,0.81,1.1,1,1,1,0.93,1,1.123751531,0.759766612,0.875637237,557.4900972,38.86162168,-610.5528071,1357.266814,758.487388,1,0,0,0,0
915.1484603,7.514329578,1,0.9,0.87,0.95,0.91,1,1,0.87,0.71,0.76,1.29,0.88,1,0.91,0.9,0.86,1,1.017451442,0.957339717,1.264317968,-713.8751104,1426.968127,-1111.171161,1195.470404,963.7288625,0,1,0,0,0
830.8771211,6.601851747,1,0.9,1,0.95,1,1,1.05,0.87,0.85,0.88,0.81,1,1,1,0.9,0.8,1,0.97650615,0.914444855,1.038618302,480.2135323,449.4923694,245.2686005,580.4682967,332.0689462,0,0,1,0,0
628.4863182,11.19210597,1,0.9,1,0.95,1,1,1.05,0.87,1,1,1.29,1,1,1,1,0.86,1,0.896229148,0.834016699,1.04441475,523.931196,-15.77294727,-393.9130489,1145.261573,510.6542802,1,0,0,0,0
478.73438,29.20353803,1,0.9,1,1,1,1,1,1,0.85,0.88,0.81,1,1,0.91,1,0.93,1,0.956453679,1.009424327,1.241073688,-278.8481751,972.3863762,674.8321632,1056.365516,178.1037717,0,1,0,0,0
527.927225,24.63085127,1,0.9,1,0.95,1,1.11,1,0.87,1,0.88,0.9,0.88,0.91,1,0.9,0.86,1,1.194388531,1.053072068,1.119556432,-80.06821216,198.4949863,-218.0266177,1474.561241,641.4867585,0,0,0,0,1
419.9729932,19.20577034,1.1,1.14,1,0.95,1,1,1,1,1,1.15,0.81,1.1,1.19,1.09,1,0.93,1,1.048634504,1.180714477,0.961204331,369.3189287,-437.4483328,124.5145014,133.5728442,57.77709063,1,0,0,0,0
1038.943875,2.221105353,1,1.28,1,0.95,0.91,1.63,1,1.15,0.85,0.76,0.9,0.88,1.09,0.84,0.78,0.86,1,1.172424129,0.779070181,0.674645995,36.61010445,1033.739115,-850.3391966,2510.705746,-202.0506139,0,0,1,0,0
1715.366983,-7.507351749,1,1.14,1,0.95,1,1,1,1.15,0.85,0.88,0.81,1,1,1,1,0.86,1,1.008281922,0.647084975,0.972365349,476.0407204,-210.8948604,-355.5835247,-241.9668672,468.8821618,0,1,0,0,0
779.8912105,18.95258912,1,1.14,1,1.15,1,1,1,0.87,0.85,0.88,0.9,1.1,0.85,1.09,0.78,0.8,1,0.922699966,1.116662004,1.131363164,602.9452923,13.97459227,958.8898668,445.9952364,-229.562038,0,0,1,0,0
1157.989882,11.38167256,1,1.14,1.17,1,1.11,1,1,1,0.85,1,1.29,1.1,1,1,1,0.93,1,0.843320516,0.980579353,0.887713256,289.0317089,225.3710543,336.2037948,515.543435,228.1312696,1,0,0,0,0
1122.790457,12.87879972,1.1,1.14,1,1,1.11,1.11,1.05,1,0.85,1,1.12,1,1,1,1,1,1,0.715823126,1.251051058,1.07697061,-47.88908492,-732.7194162,-313.159862,1117.391752,422.05081,1,0,0,0,0
1068.901015,18.22584077,0.92,0.9,1,0.95,1.11,1,1,1,1,1,1.12,1,1,1,1,1,1,1.03386533,0.943719247,1.260442082,-337.9596722,-161.0026612,-134.5903639,133.3517282,1067.852123,0,0,0,0,1
1717.101687,28.02869235,1,1.14,1,0.95,1,1,1,0.87,0.85,0.88,0.81,1,1,1,1,1,1,1.045441423,1.018756452,1.045553255,-91.01224433,673.8817495,532.2785865,1257.317585,-168.5901412,1,0,0,0,0
413.047964,13.67916902,1,1.14,1,0.95,1,1,1,0.87,0.85,0.88,0.81,1,1,1,1,1,1,0.677520427,1.044062053,0.77117325,558.8710149,405.5677582,-170.2815495,147.3259462,114.3743688,0,0,0,0,1
77.66866476,20.49173242,1.1,0.9,1.17,1.07,1.11,1,1,0.87,1,1,1.12,1,1,1,1,0.93,1,0.811058262,1.186006585,1.05731035,-134.2515137,339.7587457,251.3648793,365.5958135,991.9237381,0,0,0,0,1
688.0483458,15.82787175,1,0.9,0.87,1.07,1,1,1,1,1,1,0.9,1.1,1.09,1.19,0.9,0.93,1.43,0.822472937,1.136933393,1.194784488,273.5462,682.7563007,407.2804802,1064.480426,363.4102431,0,0,0,1,0
284.8026406,3.049444143,1,1,1,1.15,0.91,1,1,0.87,0.85,0.88,0.81,1.1,1.09,1,0.78,0.8,1,1.046133525,0.961456055,0.683537089,528.7730472,232.4949874,97.85528486,1358.261888,247.3862988,0,0,0,0,1
910.1003314,29.140181,1,0.9,1,1,1,1,1,0.87,1,0.88,0.9,1,1,0.91,1,0.93,1,1.131704492,0.861003933,1.037685431,326.8154186,1.627279619,-559.2627813,818.9685838,-159.4483123,0,0,0,0,1
226.8416526,3.962233062,0.92,1,1,1,1,1,1,1,1,1,1,1.1,1,1.09,1.09,1,1,1.181879988,1.150278452,1.147258252,-399.2034687,-259.5995778,-75.31835239,706.0711718,560.6609122,0,0,0,0,1
538.0452477,35.24204644,1.26,1.14,1.17,1.07,1,1,1,0.87,0.85,1,0.81,1.1,1.09,1,1.09,0.93,1,1.044546637,0.893044799,0.823771521,519.5127104,466.2285874,-68.58883516,1249.633005,502.2516667,0,1,0,0,0
753.7458331,7.0146182,1,0.9,1,1,1,1,1,0.87,1,0.88,0.9,1.1,1,1.19,1,0.93,1,1.114516482,0.677342169,1.053433474,-223.1445792,333.5322712,-460.0823429,656.1177781,214.1026737,0,0,0,0,1
-2.101532698,28.00945495,1.1,1.14,1,0.95,1,1,1.05,0.87,0.85,1.15,1.12,0.88,1.09,1.09,1,0.86,1,1.024232963,1.120408471,0.952769672,846.4993056,1.836294315,-160.2812583,225.1143927,-360.8755814,0,0,0,0,1
1139.880207,-4.049750591,1.1,1,1,1.07,1,1,1,0.87,1,1,0.81,1.1,1,1.09,1,0.93,1,1.054455716,0.801144102,1.081136785,809.7720355,-83.14357294,-4.8933548,691.6925917,352.8689787,1,0,0,0,0
302.8441107,34.11601296,0.92,0.9,0.87,0.95,1,1,1,0.87,1,1,0.81,0.88,1,0.91,1.09,0.86,1,0.949832771,0.882904421,0.981189366,784.3665682,391.4302613,384.1296738,1218.244299,870.9574594,0,0,1,0,0
1166.407317,14.53211088,1,0.9,0.87,1,1,1,1.05,1,1,1.15,0.81,1.1,1,1,1,0.93,1,1.049334164,0.9666635,1.108756736,-232.4006846,517.8894394,-5.619545785,918.5437146,-294.2866472,0,0,1,0,0
766.2380779,22.53929871,1,0.9,0.87,0.95,0.91,1,1,0.87,0.71,0.76,1.29,0.88,1,0.91,0.9,0.86,1,1.126824331,1.183953314,0.76304701,55.68800278,-361.9993593,607.609903,869.0385014,350.0962358,0,1,0,0,0
347.0528515,19.83687343,1,0.9,1,0.95,1,1,1.05,0.87,0.85,0.88,0.81,1,1,1,0.9,0.8,1,0.858233428,1.016402748,0.664833927,233.5964533,621.3544445,-147.6510218,312.2134951,797.7116715,0,0,0,1,0
878.923558,41.07908165,1,0.9,1,0.95,1,1,1.05,0.87,1,1,1.29,1,1,1,1,0.86,1,0.991708515,0.679436166,0.805720353,-180.6611683,916.5387803,65.63245677,1090.510575,451.8225514,0,1,0,0,0
1202.963579,28.17658002,1,0.9,1,1,1,1,1,1,0.85,0.88,0.81,1,1,0.91,1,0.93,1,0.751151842,0.937557834,0.962313489,930.1497017,550.6867267,-662.6704,189.2666107,260.3274518,1,0,0,0,0
368.3115048,19.77488588,1,0.9,1,0.95,1,1.11,1,0.87,1,0.88,0.9,0.88,0.91,1,0.9,0.86,1,1.004621011,0.908624017,0.906321712,683.0243099,787.8927926,-317.9264541,500.0452504,667.9847497,0,0,1,0,0
1365.696321,2.691190248,1.1,1.14,1,0.95,1,1,1,1,1,1.15,0.81,1.1,1.19,1.09,1,0.93,1,1.124515762,0.793078473,0.940796672,1216.01217,-97.87013936,-593.2293876,731.1803589,415.38674,0,0,0,0,1
467.2008298,-3.908241295,1,1.28,1,0.95,0.91,1.63,1,1.15,0.85,0.76,0.9,0.88,1.09,0.84,0.78,0.86,1,0.969955223,0.820588486,0.869156128,-692.8232924,981.7801525,262.9506781,871.9685404,-456.7616993,0,0,0,0,1
301.3817609,19.05248301,1,1.14,1,0.95,1,1,1,1.15,0.85,0.88,0.81,1,1,1,1,0.86,1,1.055378245,0.67392274,1.200573558,1463.017867,510.7227152,361.8447444,721.6264076,-143.7202161,0,0,0,0,1
329.8117755,18.7877681,1,1.14,1,1.15,1,1,1,0.87,0.85,0.88,0.9,1.1,0.85,1.09,0.78,0.8,1,0.999238993,1.035943912,0.902117526,920.0169001,578.8074684,601.2225253,949.9752886,-219.1032659,0,0,0,0,1
485.7962481,17.46615837,1,1.14,1.17,1,1.11,1,1,1,0.85,1,1.29,1.1,1,1,1,0.93,1,1.078119446,1.000231051,1.022358314,-516.6354708,196.2035811,666.7975004,384.8805323,227.3896566,0,0,0,1,0
1099.909148,34.71291485,1.1,1.14,1,1,1.11,1.11,1.05,1,0.85,1,1.12,1,1,1,1,1,1,1.099667141,1.297799624,0.945178372,-274.6853969,-99.65199418,-141.5920381,923.5482284,371.8429896,0,0,0,1,0
1247.054266,-8.303577582,0.92,0.9,1,0.95,1.11,1,1,1,1,1,1.12,1,1,1,1,1,1,1.244894663,0.889596788,1.041507549,617.667278,536.416443,-1051.078759,74.02379707,-11.89014372,1,0,0,0,0
-321.0668743,14.74871057,1,1.14,1,0.95,1,1,1,0.87,0.85,0.88,0.81,1,1,1,1,1,1,0.954526354,0.896131094,0.917184664,-12.34319883,523.573886,428.1917186,866.1388011,52.33043781,0,1,0,0,0
498.8109755,22.84359345,1,1.14,1,0.95,1,1,1,0.87,0.85,0.88,0.81,1,1,1,1,1,1,1.119782097,0.931062177,0.900350976,-931.7013358,892.3093373,315.8922912,651.1505111,-139.086327,0,0,0,0,1
1189.905369,29.16561513,1.1,0.9,1.17,1.07,1.11,1,1,0.87,1,1,1.12,1,1,1,1,0.93,1,0.910941937,1.138071232,0.869679482,713.6436436,838.7668596,-182.9613022,898.6651668,-585.9890077,1,0,0,0,0
1170.980597,20.45218685,1,0.9,0.87,1.07,1,1,1,1,1,1,0.9,1.1,1.09,1.19,0.9,0.93,1.43,0.888595582,1.063799306,1.156178491,-684.8860969,652.8189062,358.7670389,476.0745561,771.9908812,1,0,0,0,0
398.4582168,25.11291352,1,1,1,1.15,0.91,1,1,0.87,0.85,0.88,0.81,1.1,1.09,1,0.78,0.8,1,1.019820365,1.232415293,1.289137696,482.6971216,558.7541357,919.5829413,767.2563016,-675.1641291,0,0,0,0,1
471.4677965,16.34712878,1,0.9,1,1,1,1,1,0.87,1,0.88,0.9,1,1,0.91,1,0.93,1,1.049915252,0.965217916,1.34762627,-84.53885575,-34.33253617,1050.031546,-70.20648905,-109.4698821,1,0,0,0,0
1012.619893,27.00888942,0.92,1,1,1,1,1,1,1,1,1,1,1.1,1,1.09,1.09,1,1,0.93467492,0.953816195,1.101234745,227.7791993,624.3508545,565.0024662,691.875883,874.9079437,0,1,0,0,0
706.3737462,29.26776129,1.26,1.14,1.17,1.07,1,1,1,0.87,0.85,1,0.81,1.1,1.09,1,1.09,0.93,1,0.845613217,1.311044711,1.04238569,-160.5350212,668.0240389,141.6555607,1187.77055,-209.5276282,1,0,0,0,0
1545.699955,9.64744998,1,0.9,1,1,1,1,1,0.87,1,0.88,0.9,1.1,1,1.19,1,0.93,1,0.805005637,1.140189135,1.019944024,-176.4958337,350.6364551,-728.4614453,1249.25384,-200.0783925,0,1,0,0,0
1272.353736,7.846473971,1.1,1.14,1,0.95,1,1,1.05,0.87,0.85,1.15,1.12,0.88,1.09,1.09,1,0.86,1,0.99337958,1.093232802,0.99509951,542.6403345,494.2175081,-624.3529857,64.3120125,1016.670174,1,0,0,0,0
762.8656215,18.05126668,1.1,1,1,1.07,1,1,1,0.87,1,1,0.81,1.1,1,1.09,1,0.93,1,1.118383791,1.003988734,0.778970411,-630.6808086,-204.8077034,-238.6468047,629.8424001,-43.13692143,0,0,0,1,0
1349.184286,17.45078723,0.92,0.9,0.87,0.95,1,1,1,0.87,1,1,0.81,0.88,1,0.91,1.09,0.86,1,0.800359283,0.871700193,0.92353208,-155.8469752,-481.5127437,-627.2445672,-311.3602011,826.3563751,1,0,0,0,0
1641.369734,7.347320887,1,0.9,0.87,1,1,1,1.05,1,1,1.15,0.81,1.1,1,1,1,0.93,1,1.220636023,1.077359086,1.076476664,938.8700392,305.5322709,628.1343686,1521.679027,28.88123409,0,1,0,0,0
1339.818038,5.677788171,1,0.9,0.87,0.95,0.91,1,1,0.87,0.71,0.76,1.29,0.88,1,0.91,0.9,0.86,1,1.20612142,0.892704907,1.217036871,211.8884065,82.55764847,97.61275912,204.1380984,328.8851362,0,0,1,0,0
1291.907115,22.41706646,1,0.9,1,0.95,1,1,1.05,0.87,0.85,0.88,0.81,1,1,1,0.9,0.8,1,1.224864869,1.059147061,1.078021276,195.7777462,24.297023,1172.686919,-5.772161689,150.7304577,0,0,1,0,0
1505.517867,6.925565666,1,0.9,1,0.95,1,1,1.05,0.87,1,1,1.29,1,1,1,1,0.86,1,0.90594194,0.848319593,0.908171894,-127.5739994,197.567618,95.88424195,1302.209404,141.7462911,1,0,0,0,0
1064.115366,34.36037491,1,0.9,1,1,1,1,1,1,0.85,0.88,0.81,1,1,0.91,1,0.93,1,0.915689422,0.78526407,0.787880512,-304.8965952,-240.2023412,630.7169274,-546.169979,-445.0442303,0,0,1,0,0
632.3208711,4.843779657,1,0.9,1,0.95,1,1.11,1,0.87,1,0.88,0.9,0.88,0.91,1,0.9,0.86,1,1.048592935,1.181989985,1.10540093,364.3394038,-173.7130447,-203.0915445,730.3643185,152.7599855,0,0,0,0,1
965.3683017,29.42543742,1.1,1.14,1,0.95,1,1,1,1,1,1.15,0.81,1.1,1.19,1.09,1,0.93,1,1.148696037,1.047393421,1.073978652,717.6098808,231.5504802,-1032.287687,488.1229131,170.7516687,0,0,1,0,0
861.1406306,25.72033882,1,1.28,1,0.95,0.91,1.63,1,1.15,0.85,0.76,0.9,0.88,1.09,0.84,0.78,0.86,1,0.822792824,0.863343925,0.829398287,87.77985979,-205.6640825,239.2760918,857.205874,56.31741707,0,0,1,0,0
736.0666006,28.32919683,1,1.14,1,0.95,1,1,1,1.15,0.85,0.88,0.81,1,1,1,1,0.86,1,1.002493199,0.928427867,0.77770543,-106.2848095,115.9805496,348.7322501,1373.743953,908.951009,0,0,0,1,0
1141.286235,5.51880872,1,1.14,1,1.15,1,1,1,0.87,0.85,0.88,0.9,1.1,0.85,1.09,0.78,0.8,1,1.039311045,1.060916441,0.673978557,271.5265161,-20.6263253,285.9639884,581.0338477,-246.0676345,0,0,1,0,0
702.0618536,20.82403476,1,1.14,1.17,1,1.11,1,1,1,0.85,1,1.29,1.1,1,1,1,0.93,1,1.075395402,0.985848187,1.184253456,260.7092129,1029.588782,302.0768321,995.5332624,417.1884828,0,0,1,0,0
741.6052838,4.249861202,1.1,1.14,1,1,1.11,1.11,1.05,1,0.85,1,1.12,1,1,1,1,1,1,0.920892166,0.899552417,0.895472052,-9.635193698,428.8328288,-362.9232919,979.1163146,482.5893072,0,0,1,0,0
